Steve Smith, WR, ERROR: Duplicate or unknown error
Brandon Williams, DL, ERROR: Duplicate or unknown error
Zach Miller, TE, ERROR: Duplicate or unknown error
Chris Harris, DB, ERROR: Duplicate or unknown error
Michael Bennett, DL, ERROR: Duplicate or unknown error
Chris Jones, DL, ERROR: Duplicate or unknown error
Chris Jones, DL, ERROR: Duplicate or unknown error
Brandon King, DB, ERROR: Duplicate or unknown error
Michael Thomas, WR, ERROR: Duplicate or unknown error
Michael Bennett, DL, ERROR: Duplicate or unknown error
