Evan Boehm, OL, Inserted into database
Taylor Boggs, OL, Inserted into database
Elie Bouka, DB, Inserted into database
Aaron Brewer, OL, Inserted into database
Christian Bryant, DB, Inserted into database
Chris Hubert, WR, Inserted into database
D.J. Humphries, OL, Inserted into database
Ulrick John, OL, Inserted into database
Chandler Jones, LB, Inserted into database
Gabe Martin, LB, Inserted into database
Ifeanyi Momah, TE, Inserted into database
Robert Nkemdiche, DL, Inserted into database
Olsen Pierre, DL, Inserted into database
A.Q. Shipley, OL, Inserted into database
Cole Toner, OL, Inserted into database
Hakeem Valles, TE, Inserted into database
John Wetzel, OL, Inserted into database
De''Vondre Campbell, LB, Inserted into database
Devin Fuller, WR, Inserted into database
Ben Garland, OL, Inserted into database
C.J. Goodwin, DB, Inserted into database
Josh Harris, OL, Inserted into database
Austin Hooper, TE, Inserted into database
Deion Jones, LB, Inserted into database
Akeem King, DB, Inserted into database
Chris Mayes, DL, Inserted into database
Keanu Neal, DB, Inserted into database
Sharrod Neasman, DB, Inserted into database
Josh Perkins, TE, Inserted into database
Brian Poole, DB, Inserted into database
Wes Schweitzer, OL, Inserted into database
Tyler Starr, LB, Inserted into database
Maurice Canady, DB, Inserted into database
Kamalei Correa, LB, Inserted into database
Robertson Daniel, DB, Inserted into database
Kenneth Dixon, RB, Inserted into database
Vladimir Ducasse, OL, Inserted into database
Willie Henry, DL, Inserted into database
Ryan Jensen, OL, Inserted into database
Matt Judon, LB, Inserted into database
Bronson Kaufusi, DL, Inserted into database
Alex Lewis, OL, Inserted into database
Cavellis Luckett, LB, Inserted into database
Albert McClellan, LB, Inserted into database
Chris Moore, WR, Inserted into database
Stephane Nembot, OL, Inserted into database
Patrick Onwuasor, LB, Inserted into database
Breshad Perriman, WR, Inserted into database
Michael Pierce, DL, Inserted into database
Ronnie Stanley, OL, Inserted into database
Ricky Wagner, OL, Inserted into database
Benjamin Watson, TE, Inserted into database
De''Ondre Wesley, OL, Inserted into database
Tavon Young, DB, Inserted into database
Blake Annen, TE, Inserted into database
Gerald Christian, TE, Inserted into database
Ryan Groy, OL, Inserted into database
Jerry Hughes, LB, Inserted into database
Cardale Jones, QB, Inserted into database
Cyrus Kouandjio, OL, Inserted into database
Shaq Lawson, DL, Inserted into database
John Miller, OL, Inserted into database
Walt Powell, WR, Inserted into database
Reggie Ragland, LB, Inserted into database
Nickell Robey-Coleman, DB, Inserted into database
Kevon Seymour, DB, Inserted into database
Phillip Thomas, DB, Inserted into database
Adolphus Washington, DL, Inserted into database
Jonathan Williams, RB, Inserted into database
Chas Alecxih, DL, Inserted into database
James Bradberry, DB, Inserted into database
Vernon Butler, DL, Inserted into database
Jeremy Cash, LB, Inserted into database
Ted Ginn, WR, Inserted into database
Shaq Green-Thompson, LB, Inserted into database
Donald Hawkins, OL, Inserted into database
Devon Johnson, RB, Inserted into database
Chris Manhertz, TE, Inserted into database
Jared Norris, LB, Inserted into database
Jordan Rigsbee, OL, Inserted into database
Zack Sanchez, DB, Inserted into database
Chris Scott, OL, Inserted into database
Daryl Williams, OL, Inserted into database
Daryl Worley, DB, Inserted into database
DeVante Bausby, DB, Inserted into database
Nick Becton, OL, Inserted into database
Ben Braunecker, TE, Inserted into database
Daniel Brown, TE, Inserted into database
Jonathan Bullard, DL, Inserted into database
Deon Bush, DB, Inserted into database
Cornelius Edison, OL, Inserted into database
Leonard Floyd, LB, Inserted into database
Hroniss Grasu, OL, Inserted into database
Deiondre'' Hall, DB, Inserted into database
DeAndre Houston-Carson, DB, Inserted into database
Jordan Howard, RB, Inserted into database
Eric Kush, OL, Inserted into database
Nick Kwiatkoski, LB, Inserted into database
Cre''von LeBlanc, DB, Inserted into database
Charles Leno, OL, Inserted into database
Danny Mason, LB, Inserted into database
Patrick Scales, OL, Inserted into database
Kevin White, WR, Inserted into database
Cody Whitehair, OL, Inserted into database
Willie Young, LB, Inserted into database
Andrew Billings, DL, Inserted into database
Tyler Boyd, WR, Inserted into database
Cody Core, WR, Inserted into database
Jeff Driskel, QB, Inserted into database
Alex Erickson, WR, Inserted into database
Clayton Fejedelem, DB, Inserted into database
Marcus Hardison, DL, Inserted into database
William Jackson, DB, Inserted into database
T.J. Johnson, OL, Inserted into database
Cedric Ogbuehi, OL, Inserted into database
KeiVarae Russell, DB, Inserted into database
Nick Vigil, LB, Inserted into database
Christian Westerman, OL, Inserted into database
DeShawn Williams, DL, Inserted into database
Dominique Alexander, LB, Inserted into database
Briean Boddy-Calhoun, DB, Inserted into database
Joe Callahan, QB, Inserted into database
Corey Coleman, WR, Inserted into database
Shon Coleman, OL, Inserted into database
Jonathan Cooper, OL, Inserted into database
Seth DeValve, TE, Inserted into database
Spencer Drango, OL, Inserted into database
Robert Griffin III, QB, Inserted into database
Rannell Hall, WR, Inserted into database
Rashard Higgins, WR, Inserted into database
Kevin Hogan, QB, Inserted into database
Tyrone Holmes, DL, Inserted into database
Tracy Howard, DB, Inserted into database
Charley Hughlett, OL, Inserted into database
Gabe Ikard, OL, Inserted into database
Cam Johnson, LB, Inserted into database
Cody Kessler, QB, Inserted into database
Derrick Kindred, DB, Inserted into database
Nile Lawrence-Stample, DL, Inserted into database
Ricardo Louis, WR, Inserted into database
Carl Nassib, DL, Inserted into database
Rajion Neal, RB, Inserted into database
Emmanuel Ogbah, LB, Inserted into database
Dennis Parks, WR, Inserted into database
Jordan Payton, WR, Inserted into database
Austin Reiter, OL, Inserted into database
Joe Schobert, LB, Inserted into database
Randall Telfer, TE, Inserted into database
Dan Vitale, RB, Inserted into database
Dylan Wynn, DL, Inserted into database
Darryl Baldwin, OL, Inserted into database
Anthony Brown, DB, Inserted into database
Emmett Cleary, OL, Inserted into database
La''el Collins, OL, Inserted into database
Maliek Collins, DL, Inserted into database
Ryan Davis, LB, Inserted into database
Ezekiel Elliott, RB, Inserted into database
Kavon Frazier, DB, Inserted into database
Chaz Green, OL, Inserted into database
Darius Jackson, RB, Inserted into database
L.P. LaDouceur, OL, Inserted into database
Joe Looney, OL, Inserted into database
Mark Nzeocha, LB, Inserted into database
Dak Prescott, QB, Inserted into database
Keith Smith, RB, Inserted into database
Charles Tapper, DL, Inserted into database
Zaire Anderson, LB, Inserted into database
Devontae Booker, RB, Inserted into database
Sam Brenner, OL, Inserted into database
A.J. Derby, TE, Inserted into database
Riley Dixon, P, Inserted into database
Lorenzo Doss, DB, Inserted into database
James Ferentz, OL, Inserted into database
Adam Gotsis, DL, Inserted into database
Jeff Heuerman, TE, Inserted into database
Andy Janovich, RB, Inserted into database
Casey Kreiter, OL, Inserted into database
Paxton Lynch, QB, Inserted into database
Connor McGovern, OL, Inserted into database
Matt Paradis, OL, Inserted into database
Will Parks, DB, Inserted into database
Ty Sambrailo, OL, Inserted into database
Justin Simmons, DB, Inserted into database
Jordan Taylor, WR, Inserted into database
Billy Turner, OL, Inserted into database
Adairius Barnes, DB, Inserted into database
Jon Bostic, LB, Inserted into database
Brandon Copeland, LB, Inserted into database
Joe Dahl, OL, Inserted into database
Taylor Decker, OL, Inserted into database
Graham Glasgow, OL, Inserted into database
Kerry Hyder, DL, Inserted into database
Miles Killebrew, DB, Inserted into database
Jimmy Landes, OL, Inserted into database
A''Shawn Robinson, DL, Inserted into database
Corey Robinson, OL, Inserted into database
Laken Tomlinson, OL, Inserted into database
Dwayne Washington, RB, Inserted into database
Ian Wells, DB, Inserted into database
Cole Wick, TE, Inserted into database
Antwione Williams, LB, Inserted into database
Timothy Wright, TE, Inserted into database
Anthony Zettel, DL, Inserted into database
Geronimo Allison, WR, Inserted into database
Kentrell Brice, DB, Inserted into database
Kenny Clark, DL, Inserted into database
Trevor Davis, WR, Inserted into database
Makinton Dorleant, DB, Inserted into database
Jay Elliott, LB, Inserted into database
Marwin Evans, DB, Inserted into database
Kyler Fackrell, LB, Inserted into database
Josh Hawkins, DB, Inserted into database
Brett Hundley, QB, Inserted into database
Don Jackson, RB, Inserted into database
Tyler Kuder, DL, Inserted into database
Dean Lowry, DL, Inserted into database
Blake Martinez, LB, Inserted into database
Kyle Murphy, OL, Inserted into database
Christian Ringo, DL, Inserted into database
Jacob Schum, P, Inserted into database
Jason Spriggs, OL, Inserted into database
Lane Taylor, OL, Inserted into database
JC Tretter, OL, Inserted into database
Jermaine Whitehead, DB, Inserted into database
Jeff Adams, OL, Inserted into database
Stephen Anderson, TE, Inserted into database
Jadeveon Clowney, DL, Inserted into database
K.J. Dillon, DB, Inserted into database
Tyler Ervin, RB, Inserted into database
Ka''imi Fairbairn, K, Inserted into database
Will Fuller, WR, Inserted into database
Joel Heath, DL, Inserted into database
Greg Mancz, OL, Inserted into database
Nick Martin, OL, Inserted into database
Braxton Miller, WR, Inserted into database
Corey Moore, DB, Inserted into database
Robert Nelson, DB, Inserted into database
Brian Peters, LB, Inserted into database
D.J. Reader, DL, Inserted into database
Brennan Scarlett, LB, Inserted into database
John Simon, LB, Inserted into database
Tony Washington, LB, Inserted into database
Jon Weeks, OL, Inserted into database
Austin Blythe, OL, Inserted into database
Isiah Cage, OL, Inserted into database
Le''Raven Clark, OL, Inserted into database
Matthias Farley, DB, Inserted into database
Josh Ferguson, RB, Inserted into database
Denzelle Good, OL, Inserted into database
T.J. Green, DB, Inserted into database
Joe Haeg, OL, Inserted into database
Edwin Jackson, LB, Inserted into database
Ryan Kelly, OL, Inserted into database
Curt Maggitt, LB, Inserted into database
Mike McFarland, TE, Inserted into database
Antonio Morrison, LB, Inserted into database
Hassan Ridgeway, DL, Inserted into database
Chester Rogers, WR, Inserted into database
Tevaun Smith, WR, Inserted into database
Erik Swoope, TE, Inserted into database
Erik Walden, LB, Inserted into database
Frankie Williams, DB, Inserted into database
Andrew Williamson, DB, Inserted into database
Brandon Allen, QB, Inserted into database
Richard Ash, DL, Inserted into database
A.J. Cann, OL, Inserted into database
Johnathan Cyprien, DB, Inserted into database
Sheldon Day, DL, Inserted into database
Dante Fowler, DL, Inserted into database
Myles Jack, LB, Inserted into database
Ben Koyack, TE, Inserted into database
Brandon Linder, OL, Inserted into database
Yannick Ngakoue, DL, Inserted into database
Jalen Ramsey, DB, Inserted into database
Christopher Reed, OL, Inserted into database
Tyler Shatley, OL, Inserted into database
Neal Sterling, TE, Inserted into database
Josh Wells, OL, Inserted into database
Jarrod Wilson, DB, Inserted into database
Jonathan Woodard, DL, Inserted into database
Tyler Bray, QB, Inserted into database
Kenny Cook, WR, Inserted into database
Laurent Duvernay-Tardif, OL, Inserted into database
Parker Ehinger, OL, Inserted into database
Zach Fulton, OL, Inserted into database
Vernon Harris, DB, Inserted into database
Tyreek Hill, WR, Inserted into database
Justin March-Lillard, LB, Inserted into database
Trey Millard, RB, Inserted into database
Mitch Morse, OL, Inserted into database
Eric Murray, DB, Inserted into database
Dadi Nicolas, LB, Inserted into database
Jah Reid, OL, Inserted into database
Demarcus Robinson, WR, Inserted into database
Terrance Smith, LB, Inserted into database
Ross Travis, TE, Inserted into database
D.J. White, DB, Inserted into database
James Winchester, OL, Inserted into database
Bryan Witzmann, OL, Inserted into database
Jamon Brown, OL, Inserted into database
Marqui Christian, DB, Inserted into database
Pharoh Cooper, WR, Inserted into database
Andrew Donnal, OL, Inserted into database
Josh Forrest, LB, Inserted into database
Jared Goff, QB, Inserted into database
Bryce Hager, LB, Inserted into database
Temarrick Hemingway, TE, Inserted into database
Tyler Higbee, TE, Inserted into database
Zach Laskey, RB, Inserted into database
Cory Littleton, LB, Inserted into database
Pace Murphy, OL, Inserted into database
Marquez North, WR, Inserted into database
Brian Randolph, DB, Inserted into database
Demetrius Rhaney, OL, Inserted into database
Nelson Spruce, WR, Inserted into database
Louis Trinca-Pasat, DL, Inserted into database
Cody Wichmann, OL, Inserted into database
Darrell Williams, OL, Inserted into database
Bene'' Benwikere, DB, Inserted into database
Leonte Carroo, WR, Inserted into database
Kenyan Drake, RB, Inserted into database
Ifo Ekpre-Olomu, DB, Inserted into database
Jakeem Grant, WR, Inserted into database
Xavien Howard, DB, Inserted into database
Jordan Lucas, DB, Inserted into database
Anthony Steen, OL, Inserted into database
Laremy Tunsil, OL, Inserted into database
Nick Williams, DL, Inserted into database
Sam Young, OL, Inserted into database
Mackensie Alexander, DB, Inserted into database
Willie Beavers, OL, Inserted into database
Kentrell Brothers, LB, Inserted into database
Nick Easton, OL, Inserted into database
Brandon Fusco, OL, Inserted into database
Jayron Kearse, DB, Inserted into database
Zac Kerin, OL, Inserted into database
Kevin McDermott, OL, Inserted into database
David Morgan, TE, Inserted into database
Jeremiah Sirles, OL, Inserted into database
Laquon Treadwell, WR, Inserted into database
David Andrews, OL, Inserted into database
Jacoby Brissett, QB, Inserted into database
Joe Cardona, OL, Inserted into database
Cameron Fleming, OL, Inserted into database
Trey Flowers, DL, Inserted into database
D.J. Foster, RB, Inserted into database
Tyler Gaffney, RB, Inserted into database
Geneo Grissom, LB, Inserted into database
Woodrow Hamilton, DL, Inserted into database
Tre Jackson, OL, Inserted into database
Cyrus Jones, DB, Inserted into database
Jonathan Jones, DB, Inserted into database
Ted Karras, OL, Inserted into database
Matt Lengel, TE, Inserted into database
Shaq Mason, OL, Inserted into database
Malcolm Mitchell, WR, Inserted into database
Rob Ninkovich, LB, Inserted into database
Elandon Roberts, LB, Inserted into database
Matthew Slater, WR, Inserted into database
Joe Thuney, OL, Inserted into database
Vincent Valentine, DL, Inserted into database
Vonn Bell, DB, Inserted into database
Ken Crawley, DB, Inserted into database
Kasim Edebali, DL, Inserted into database
De''Vante Harris, DB, Inserted into database
Erik Harris, DB, Inserted into database
Tony Hills, OL, Inserted into database
Jake Lampman, WR, Inserted into database
Daniel Lasco, RB, Inserted into database
Tommylee Lewis, WR, Inserted into database
Wil Lutz, K, Inserted into database
David Onyemata, DL, Inserted into database
D.J. Pettway, DL, Inserted into database
Jimmy Pruitt, DB, Inserted into database
Sheldon Rankins, DL, Inserted into database
Nate Stupar, LB, Inserted into database
Landon Turner, OL, Inserted into database
P.J. Williams, DB, Inserted into database
Andrew Adams, DB, Inserted into database
Jerell Adams, TE, Inserted into database
Eli Apple, DB, Inserted into database
Will Beatty, OL, Inserted into database
B.J. Goodson, LB, Inserted into database
Bobby Hart, OL, Inserted into database
Brett Jones, OL, Inserted into database
Roger Lewis, WR, Inserted into database
Owa Odighizuwa, DL, Inserted into database
Romeo Okwara, DL, Inserted into database
Paul Perkins, RB, Inserted into database
Weston Richburg, OL, Inserted into database
Sterling Shepard, WR, Inserted into database
Darian Thompson, DB, Inserted into database
Mykkele Thompson, DB, Inserted into database
Uani'' Unga, LB, Inserted into database
Robby Anderson, WR, Inserted into database
Braedon Bowman, TE, Inserted into database
Juston Burris, DB, Inserted into database
Mike Catapano, LB, Inserted into database
Titus Davis, WR, Inserted into database
Dakota Dozier, OL, Inserted into database
Lac Edwards, P, Inserted into database
Breno Giacomini, OL, Inserted into database
Christian Hackenberg, QB, Inserted into database
Ben Ijalana, OL, Inserted into database
Jordan Jenkins, LB, Inserted into database
Taiwan Jones, LB, Inserted into database
Darron Lee, LB, Inserted into database
Jalin Marshall, WR, Inserted into database
Romar Morris, RB, Inserted into database
Julien Obioha, DL, Inserted into database
Victor Ochi, LB, Inserted into database
Charone Peake, WR, Inserted into database
Bryce Petty, QB, Inserted into database
Brent Qvale, OL, Inserted into database
Darryl Roberts, DB, Inserted into database
Brandon Shell, OL, Inserted into database
Deon Simon, DL, Inserted into database
Lawrence Thomas, DL, Inserted into database
Vadal Alexander, OL, Inserted into database
Shilique Calhoun, LB, Inserted into database
T.J. Carrie, DB, Inserted into database
Connor Cook, QB, Inserted into database
SaQwan Edwards, DB, Inserted into database
Antonio Hamilton, DB, Inserted into database
Gabe Holmes, TE, Inserted into database
Johnny Holton, WR, Inserted into database
Cory James, LB, Inserted into database
Karl Joseph, DB, Inserted into database
Denver Kirkland, OL, Inserted into database
Darius Latham, DL, Inserted into database
Ryan O''Malley, TE, Inserted into database
Kelechi Osemele, OL, Inserted into database
Jalen Richard, RB, Inserted into database
Jihad Ward, DL, Inserted into database
DeAndre Washington, RB, Inserted into database
Josh Andrews, OL, Inserted into database
Connor Barwin, DL, Inserted into database
Bryan Braman, DL, Inserted into database
Dillon Gordon, OL, Inserted into database
Brandon Graham, DL, Inserted into database
Kamu Grugier-Hill, LB, Inserted into database
Alex McCalister, DL, Inserted into database
Jalen Mills, DB, Inserted into database
Isaac Seumalo, OL, Inserted into database
Wendell Smallwood, RB, Inserted into database
C.J. Smith, DB, Inserted into database
Matt Tobin, OL, Inserted into database
Bryce Treggs, WR, Inserted into database
Destiny Vaeao, DL, Inserted into database
Halapoulivaati Vaitai, OL, Inserted into database
Joe Walker, LB, Inserted into database
Carson Wentz, QB, Inserted into database
Connor Wujciak, DL, Inserted into database
Kevin Anderson, LB, Inserted into database
Artie Burns, DB, Inserted into database
Jordan Dangerfield, DB, Inserted into database
Sean Davis, DB, Inserted into database
B.J. Finney, OL, Inserted into database
Senquez Golson, DB, Inserted into database
Xavier Grimble, TE, Inserted into database
Javon Hargrave, DL, Inserted into database
Jerald Hawkins, OL, Inserted into database
Chris Hubbard, OL, Inserted into database
Cole Manhart, OL, Inserted into database
Tyler Matakevich, LB, Inserted into database
Dan McCullers-Sanders, DL, Inserted into database
Brian Mihalik, OL, Inserted into database
Mike Mitchell, DB, Inserted into database
Roosevelt Nix-Jones, RB, Inserted into database
Eli Rogers, WR, Inserted into database
Canaan Severin, WR, Inserted into database
Valerian Ume-Ezeoke, OL, Inserted into database
L.T. Walton, DL, Inserted into database
Joey Bosa, DL, Inserted into database
Jatavis Brown, LB, Inserted into database
Tyreek Burwell, OL, Inserted into database
Zamir Carlis, DL, Inserted into database
Donavon Clark, OL, Inserted into database
Kenneth Farrow, RB, Inserted into database
Chris Hairston, OL, Inserted into database
Brock Hekking, LB, Inserted into database
Hunter Henry, TE, Inserted into database
Tyler Johnstone, OL, Inserted into database
Drew Kaser, P, Inserted into database
Chris Landrum, LB, Inserted into database
Dexter McCluster, WR, Inserted into database
Dexter McCoil, DB, Inserted into database
Joshua Perry, LB, Inserted into database
Spencer Pulley, OL, Inserted into database
Matt Slauson, OL, Inserted into database
Max Tuerk, OL, Inserted into database
Derek Watt, RB, Inserted into database
Kenny Wiggins, OL, Inserted into database
Trevor Williams, DB, Inserted into database
Carlos Wray, DL, Inserted into database
Ronald Blair, DL, Inserted into database
Trent Brown, OL, Inserted into database
DeForest Buckner, DL, Inserted into database
Aaron Burbridge, WR, Inserted into database
Joshua Garnett, OL, Inserted into database
Je''Ron Hamm, TE, Inserted into database
Thad Lewis, QB, Inserted into database
Aaron Lynch, LB, Inserted into database
Will Redmond, DB, Inserted into database
Rashard Robinson, DB, Inserted into database
Eric Rogers, WR, Inserted into database
JaCorey Shepherd, DB, Inserted into database
Shayne Skov, LB, Inserted into database
John Theus, OL, Inserted into database
Andrew Tiller, OL, Inserted into database
Trevone Boykin, QB, Inserted into database
Alex Collins, RB, Inserted into database
Brandon Cottom, TE, Inserted into database
DeAndre Elliott, DB, Inserted into database
George Fant, OL, Inserted into database
Nolan Frese, OL, Inserted into database
Mark Glowinski, OL, Inserted into database
Joey Hunt, OL, Inserted into database
Germain Ifedi, OL, Inserted into database
Stanley Jean-Baptiste, DB, Inserted into database
Quinton Jefferson, DL, Inserted into database
Tre Madden, RB, Inserted into database
Cassius Marsh, LB, Inserted into database
Dewey McDonald, LB, Inserted into database
Tanner McEvoy, WR, Inserted into database
Rees Odhiambo, OL, Inserted into database
Tyvis Powell, DB, Inserted into database
C.J. Prosise, RB, Inserted into database
Jarran Reed, DL, Inserted into database
Mohammed Seisay, DB, Inserted into database
Ronnie Shields, TE, Inserted into database
Tyler Slavin, WR, Inserted into database
Garrison Smith, DL, Inserted into database
Joe Sommers, TE, Inserted into database
Will Tukuafu, RB, Inserted into database
Nick Vannett, TE, Inserted into database
Roberto Aguayo, K, Inserted into database
Peyton Barber, RB, Inserted into database
Caleb Benenoch, OL, Inserted into database
Devante Bond, LB, Inserted into database
Alan Cross, RB, Inserted into database
Ryan Griffin, QB, Inserted into database
Vernon Hargreaves, DB, Inserted into database
Davonte Lambert, DL, Inserted into database
Cameron Lynch, LB, Inserted into database
Ali Marpet, OL, Inserted into database
Kevin Pamphile, OL, Inserted into database
Donovan Smith, OL, Inserted into database
Ryan Smith, DB, Inserted into database
Noah Spence, DL, Inserted into database
Channing Ward, DL, Inserted into database
Leonard Wester, OL, Inserted into database
Valentino Blake, DB, Inserted into database
Kevin Byard, DB, Inserted into database
Jack Conklin, OL, Inserted into database
Kevin Dodd, LB, Inserted into database
Derrick Henry, RB, Inserted into database
Josh Kline, OL, Inserted into database
Taylor Lewan, OL, Inserted into database
Josue Matias, OL, Inserted into database
Bennett Okotcha, DB, Inserted into database
Curtis Riley, DB, Inserted into database
Tajae Sharpe, WR, Inserted into database
LeShaun Sims, DB, Inserted into database
Quinton Spain, OL, Inserted into database
Sebastian Tretola, OL, Inserted into database
Aaron Wallace, LB, Inserted into database
Kevin Bowen, OL, Inserted into database
Mack Brown, RB, Inserted into database
Su''a Cravens, LB, Inserted into database
Steven Daniels, LB, Inserted into database
Reggie Diggs, WR, Inserted into database
Josh Doctson, WR, Inserted into database
Kendall Fuller, DB, Inserted into database
Maurice Harris, WR, Inserted into database
Ziggy Hood, DL, Inserted into database
Matthew Ioannidis, DL, Inserted into database
Ricky Jean Francois, DL, Inserted into database
Rob Kelley, RB, Inserted into database
Arie Kouandjio, OL, Inserted into database
Anthony Lanier, DL, Inserted into database
Keith Marshall, RB, Inserted into database
Ty Nsekhe, OL, Inserted into database
Vinston Painter, OL, Inserted into database
Brandon Scherff, OL, Inserted into database
Martrell Spaight, LB, Inserted into database
Nate Sudfeld, QB, Inserted into database
