Name,ERROR
Carson Palmer,QB
Rudi Johnson,RB
Chad Johnson,WR
T.J. Houshmandzadeh,WR
Chris Perry,RB
Kevin Walter,WR
Jeremi Johnson,RB
Matt Schobel,TE
Kelley Washington,WR
Trent Dilfer,QB
Frisman Jackson,WR
Reuben Droughns,RB
Antonio Bryant,WR
Steve Heiden,TE
Braylon Edwards,WR
Dennis Northcutt,WR
William Green,RB
Terrelle Smith,RB
Jeff Faine,OL
Keiwan Ratliff,DB
Odell Thurman,LB
Leigh Bodden,DB
Chris Crocker,DB
Chaun Thompson,LB
Tab Perry,WR
Josh Cribbs,WR
Shayne Graham,K
Kyle Larson,P
Phil Dawson,K
Kyle Richardson,P
David Carr,QB
Domanick Williams,RB
Andre Johnson,WR
Mark Bruener,TE
Matt Murphy,TE
Jonathan Wells,RB
Jabar Gaffney,WR
Derick Armstrong,WR
Corey Bradford,WR
Willis McGahee,RB
J.P. Losman,QB
Lee Evans,WR
Eric Moulds,WR
Shaud Williams,RB
Mark Campbell,TE
Daimon Shelton,RB
Josh Reed,WR
Jason Peters,OL
Sam Aiken,WR
Jason Simmons,DB
Jabari Greer,DB
Chris Kelsay,DL
Lawyer Milloy,DB
Aaron Schobel,DL
Takeo Spikes,LB
Troy Vincent,DB
Phillip Buchanon,DB
Vernand Morency,RB
Nate Clements,DB
Terrence McGee,DB
Kris Brown,K
Chad Stanley,P
Rian Lindell,K
Brian Moorman,P
Willie Parker,RB
Heath Miller,TE
Jerome Bettis,RB
Ben Roethlisberger,QB
Hines Ward,WR
Verron Haynes,RB
Cedrick Wilson,WR
Antwaan Randle El,WR
Reggie Kelly,TE
Chris Henry,RB
Chris Hope,DB
Travis Kirschke,DL
Aaron Smith,DL
Kimo von Oelhoffen,DL
Duane Clemons,DL
Tory James,DB
Quincy Morgan,WR
Chris Gardocki,P
Jeff Reed,K
Laveranues Coles,WR
Vinny Testaverde,QB
Brooks Bollinger,QB
Curtis Martin,RB
Justin McCareins,WR
Wayne Chrebet,WR
Jerald Sowell,RB
Chris Baker,TE
Jerricho Cotchery,WR
Warrick Dunn,RB
Michael Vick,QB
Alge Crumpler,TE
Justin Griffith,RB
Roddy White,WR
Fred McCrary,RB
Michael Jenkins,WR
Brian Finneran,WR
Jerome Pathon,WR
John Abraham,DL
David Barrett,DB
Ty Law,DB
Dewayne Robertson,DL
Bryan Thomas,DL
Jonathan Vilma,LB
Roderick Coleman,DL
DeAngelo Hall,DB
Antwan Lake,DL
Darrell Shropshire,DL
Demorrio Williams,LB
Cedric Houston,RB
Justin Miller,DB
DeAndra Cobb,RB
Allen Rossum,DB
Ben Graham,P
Mike Nugent,K
Michael Koenen,P
Todd Peterson,K
Kyle Orton,QB
Thomas Jones,RB
Mark Bradley,WR
Muhsin Muhammad,WR
Justin Gage,WR
Cedric Benson,RB
Marc Edwards,RB
Adrian Peterson,RB
Desmond Clark,TE
Bobby Wade,WR
Jeff Garcia,QB
Kevin Jones,RB
Scottie Vines,WR
Shawn Bryson,RB
Marcus Pollard,TE
Mike Williams,RB
Artose Pinner,RB
Glenn Martinez,WR
Casey Fitzsimmons,TE
Alex Brown,DL
Tank Johnson,DL
Charles Tillman,DB
James Hall,DL
Cory Redding,DL
Jerry Azumah,DB
Eddie Drummond,WR
Robbie Gould,K
Brad Maynard,P
Jason Hanson,K
Nick Harris,P
Patrick Ramsey,QB
Santana Moss,WR
Mark Brunell,QB
James Thrash,WR
Taylor Jacobs,WR
Clinton Portis,RB
Rock Cartwright,RB
Chris Cooley,TE
David Patten,WR
Mike Sellers,WR
Ladell Betts,RB
Robert Royal,TE
Tiki Barber,RB
Eli Manning,QB
Derrick Ward,RB
Amani Toomer,WR
Plaxico Burress,WR
Jeremy Shockey,TE
Tim Carter,WR
Brandon Jacobs,RB
Visanthe Shiancoe,TE
Jim Finn,RB
Ryan Clark,DB
Chris Clemons,LB
Demetric Evans,DL
Kenderick Allen,DL
William Joseph,DL
Antonio Pierce,LB
Michael Strahan,DL
Osi Umenyiora,DL
Chad Morton,RB
Willie Ponder,WR
Derrick Frost,P
Jeff Feagles,P
Jay Feely,K
Chris Simms,QB
Joey Galloway,WR
Alex Smith,QB
Michael Clayton,WR
Cadillac Williams,RB
Mike Alstott,RB
Michael Pittman,RB
Ike Hilliard,WR
Edell Shepherd,WR
Kevan Barlow,RB
Frank Gore,RB
Ken Dorsey,QB
Brandon Lloyd,WR
Cody Pickett,QB
Johnnie Morton,WR
Terry Jackson,RB
Billy Bajema,TE
Fred Beasley,RB
Trent Smith,TE
Anthony Adams,DL
Andre Carter,DL
Derrick Johnson,LB
Brandon Moore,OL
Shawntae Spencer,DB
Bryant Young,DL
Torrie Cox,DB
Mark Jones,WR
Maurice Hicks,RB
Rasheed Marshall,WR
Josh Bidwell,P
Matt Bryant,K
Andy Lee,P
Joe Nedney,K
Josh McCown,QB
Anquan Boldin,WR
Marcel Shipp,RB
Larry Fitzgerald,WR
Bryant Johnson,WR
J.J. Arrington,RB
Adam Bergen,TE
Obafemi Ayanbadejo,RB
Marion Barber,RB
Drew Bledsoe,QB
Jason Witten,TE
Terry Glenn,WR
Keyshawn Johnson,WR
Tyson Thompson,RB
Brett Pierce,TE
Lousaka Polite,RB
Peerless Price,WR
Bertrand Berry,DL
Langston Moore,DL
Adrian Wilson,DB
Greg Ellis,DL
Scott Fujita,LB
Aaron Glenn,DB
Anthony Henry,DB
Bradie James,LB
Reggie Swinton,WR
Scott Player,P
Neil Rackers,K
Mat McBriar,P
Shaun Suisham,K
Ronnie Brown,RB
Gus Frerotte,QB
Ricky Williams,RB
David Boston,WR
Marty Booker,WR
Chris Chambers,WR
Randy McMichael,TE
Wes Welker,WR
Lorenzo Diamond,TE
Aaron Brooks,QB
Joe Horn,WR
Donte' Stallworth,WR
Aaron Stecker,RB
Antowain Smith,RB
Devery Henderson,WR
Mike Karney,RB
Shad Meier,TE
Yeremiah Bell,DB
Kevin Carter,DL
Vonnie Holliday,DL
Reggie Howard,DB
Keith Traylor,DL
Jeff Zgonina,DL
Darren Howard,DL
Dwight Smith,DB
Will Smith,DL
Bryan Gilmore,WR
Donnie Jones,P
Olindo Mare,K
Mitch Berger,P
John Carney,K
Trent Green,QB
Eddie Kennison,WR
Tony Gonzalez,TE
Larry Johnson,RB
Chris Horn,WR
Priest Holmes,RB
Dante Hall,WR
Tony Richardson,RB
Marc Boerigter,WR
Jason Dunn,TE
Drew Brees,QB
Antonio Gates,TE
LaDainian Tomlinson,RB
Keenan McCardell,WR
Eric Parker,WR
Lorenzo Neal,RB
Reche Caldwell,WR
Darren Sproles,RB
Kassim Osgood,WR
Michael Turner,RB
Justin Peelle,TE
Greg Wesley,DB
Luis Castillo,DL
Stephen Cooper,LB
Shawne Merriman,LB
Dustin Colquitt,P
Lawrence Tynes,K
Nate Kaeding,K
Mike Scifres,P
Fred Taylor,RB
Ernest Wilford,WR
Byron Leftwich,QB
Alvin Pearman,RB
Matt Jones,RB
Jimmy Smith,RB
Derrick Wimbush,RB
Kyle Brady,TE
Greg Jones,RB
George Wrighster,TE
Reggie Williams,WR
Steven Jackson,RB
Kevin Curtis,WR
Jamie Martin,QB
Shaun McDonald,WR
Marshall Faulk,RB
Dane Looker,WR
Brandon Manumaleuna,TE
Deon Grant,DB
Rashean Mathis,DB
Mike Peterson,LB
Paul Spicer,DL
Chris Claiborne,LB
Mike Furrey,WR
Brandon Green,DL
Ryan Pickett,DL
Terry Fair,DB
Chris Hanson,P
Josh Scobee,K
Bryan Barker,P
Jeff Wilkins,K
Brad Johnson,QB
Marcus Robinson,WR
Troy Williamson,WR
Jermaine Wiggins,TE
Daunte Culpepper,QB
Mewelde Moore,RB
Travis Taylor,WR
Moe Williams,RB
Michael Bennett,RB
Nate Burleson,WR
Jim Kleinsasser,RB
Steve Smith,RB
Jake Delhomme,QB
Michael Gaines,TE
DeShaun Foster,RB
Stephen Davis,RB
Keary Colbert,WR
Nick Goings,RB
Ricky Proehl,WR
Rod Gardner,WR
Brad Hoover,RB
Kris Mangum,TE
Chris Weinke,QB
Erasmus James,DL
Jordan Carstens,DL
Kindal Moorehead,DL
Dan Morgan,OL
Will Witherspoon,LB
Koren Robinson,WR
Chris Gamble,DB
Rod Smart,RB
Paul Edinger,K
Chris Kluwe,P
Jason Baker,P
John Kasay,K
Ernie Conwell,TE
Deuce McAllister,RB
Zachary Hilton,TE
Az-Zahir Hakim,WR
Mike Seidman,TE
Karl Hankton,WR
Jason Craft,DB
Mike McKenzie,DB
Michael Lewis,WR
Aaron Shea,TE
Jerome Mathis,WR
Marcellus Rivers,TE
Andra Davis,LB
Kenard Lang,DL
DaShon Polk,LB
Gary Walker,OL
Corey McIntyre,RB
Kelly Holcomb,QB
Roscoe Parrish,WR
Tim Euhus,TE
Tom Brady,QB
Deion Branch,WR
Corey Dillon,RB
David Givens,WR
Patrick Pass,RB
Daniel Graham,TE
Andre' Davis,WR
Tim Dwight,WR
Justin Bannan,DL
Rosevelt Colvin,LB
Asante Samuel,DB
Mike Vrabel,LB
Tully Banta-Cain,LB
Ellis Hobbs,DB
Bethel Johnson,WR
Josh Miller,P
Adam Vinatieri,K
LaMont Jordan,RB
Jerry Porter,WR
Kerry Collins,QB
Randy Moss,WR
Alvis Whitted,WR
John Paul Foschi,RB
Randal Williams,WR
Zack Crockett,RB
Courtney Anderson,TE
Doug Gabriel,WR
Steve McNair,QB
Chris Brown,RB
Courtney Roby,WR
Erron Kinney,TE
Roydell Williams,WR
Bo Scaife,TE
Ben Troupe,TE
Tyrone Calico,WR
Gregg Guenther,TE
Travis Henry,RB
Tyler Brayton,DL
Danny Clark,LB
Ed Jasper,DL
Warren Sapp,DL
Reynaldo Hill,DB
Travis LaBoy,DL
Rien Long,DL
Michael Waddell,DB
Chris Carr,DB
Corey Hulsey,OL
Adam Jones,DB
Jarrett Payton,RB
Sebastian Janikowski,K
Shane Lechler,P
Rob Bironas,K
Craig Hentrich,P
Terrell Owens,WR
Donovan McNabb,QB
Brian Westbrook,RB
Reggie Brown,RB
Lamar Gordon,RB
Greg Lewis,RB
L.J. Smith,TE
Jake Plummer,QB
Mike Anderson,RB
Tatum Bell,RB
Ashley Lelie,WR
Rod Smith,RB
Todd Devoe,WR
Jeb Putzier,TE
Charlie Adams,WR
Stephen Alexander,TE
Kyle Johnson,RB
Jevon Kearse,DL
Domonique Foxworth,DB
John Lynch,DB
Trevor Pryce,DL
Darrent Williams,DB
Roderick Hood,DB
Dexter Wynn,DB
Roc Alexander,DB
Jose Cortez,K
Dirk Johnson,P
Jason Elam,K
Todd Sauerbrun,P
Brett Favre,QB
Antonio Chatman,WR
Donald Driver,WR
Bubba Franks,TE
Tony Fisher,RB
Donald Lee,TE
William Henderson,RB
Samkon Gado,RB
ReShard Lee,RB
Ahmad Carroll,DB
Al Harris,DL
Paris Lenon,LB
Deltha O'Neal,DB
Ryan Longwell,K
B.J. Sander,P
Anthony Wright,QB
Derrick Mason,WR
Chester Taylor,RB
Jamal Lewis,RB
Todd Heap,TE
Randy Hymes,WR
Daniel Wilcox,TE
Patrick Johnson,WR
Darnell Dinkins,TE
Justin Green,RB
Dan Kreider,RB
Peter Boulware,DL
Kelly Gregg,DL
Terrell Suggs,DL
Adalius Thomas,DL
Clark Haggans,LB
Brett Keisel,DL
Ike Taylor,DB
B.J. Sams,RB
Ricardo Colclough,DB
Matt Stover,K
Dave Zastudil,P
Vincent Jackson,WR
Doug Jolley,TE
Joel Dreessen,TE
Shaun Phillips,DL
Tommy Kelly,DL
Kawika Mitchell,LB
Duce Staley,RB
Charlie Batch,QB
Walter Williams,RB
Andrae Thurman,WR
Tyrone Carter,DB
Bryant McFadden,DB
Kabeer Gbaja-Biamila,DL
Robert Thomas,RB
Corey Williams,DL
Billy McMullen,WR
Stephen Spach,TE
Josh Parry,RB
Robert Johnson,TE
Trent Cole,DL
Phillip Daniels,DL
Marcus Washington,LB
Lito Sheppard,DB
David Akers,K
Reggie Hodges,P
John Hall,K
Bernard Berrian,WR
Antonio Brown,WR
Lance Briggs,LB
Adewale Ogunleye,DL
Brian Urlacher,LB
Nathan Vasher,DB
Cornelius Griffin,DL
Lemar Marshall,LB
Doug Brien,K
Andy Groom,P
Sean Berton,TE
Arnaz Battle,WR
Chris Hetherington,RB
Brent Alexander,DB
Gibril Wilson,DB
Jason McAddley,WR
Travis Johnson,DL
Seth Payne,DL
Bobby McCray,DL
Rob Meier,DL
Daryl Smith,LB
Tony Hollings,RB
Joey Harrington,QB
Cory Schlesinger,RB
Ciatrick Fason,RB
Kalimba Edwards,DL
Keith Smith,LB
Lance Johnstone,DL
Keith Newman,LB
Darren Sharper,DB
Brian Williams,TE
Antoine Winfield,DB
Troy Fleming,RB
Donnie Nickey,DB
Jason Wright,RB
Keith Bulluck,LB
Brodney Pool,DB
Lamont Thompson,DB
Shaun Alexander,RB
Matt Hasselbeck,QB
Jerheme Urban,WR
Maurice Morris,RB
Joe Jurevicius,WR
Jerramy Stevens,TE
Bobby Engram,WR
Mack Strong,RB
Ryan Hannam,TE
Kurt Warner,QB
Eric Edwards,TE
LeRon McCoy,WR
Reggie Newhouse,WR
Jordan Babineaux,DB
Chartric Darby,DL
Bryce Fisher,DL
Kelly Herndon,DB
LeRoy Hill,LB
Marcus Trufant,DB
Marcus Tubbs,DL
Chike Okeafor,DL
Josh Scobey,RB
J.J. Moses,WR
Josh Brown,K
Tom Rouen,P
Dwayne Blakley,TE
Sammy Morris,RB
Keion Carpenter,DB
David Bowens,DL
Jason Taylor,DL
Anthony Becht,TE
Julius Peppers,DL
Mike Rucker,DL
Al Wallace,DL
Dewayne White,DL
Nate Poole,WR
Lamont Hall,TE
Chris Harris,OL
Hunter Hillenmeyer,LB
Tony Bryant,DL
Fred Thomas,DB
Willie Whitehead,DL
Kordell Stewart,QB
Robert Geathers,DL
Brian Simmons,LB
John Thornton,DL
Bart Scott,LB
Peyton Manning,QB
Marvin Harrison,WR
Reggie Wayne,WR
Edgerrin James,RB
Brandon Stokley,WR
Bryan Fletcher,TE
Dallas Clark,TE
Dominic Rhodes,RB
Troy Brown,WR
Ben Watson,TE
Doug Flutie,QB
Mike Cloud,RB
Raheem Brock,DL
Robert Mathis,DL
Joe Jefferson,DB
Troy Walters,WR
Hunter Smith,P
Mike Vanderjagt,K
Ben Utecht,TE
Kyle Boller,QB
Mark Clayton,WR
Clarence Moore,WR
Ovie Mughelli,RB
Gary Brackett,LB
Cato June,LB
Larry Tripplett,DL
Ran Carthon,RB
Jamaar Taylor,WR
Darrion Scott,DL
Pat Williams,DL
Heath Evans,RB
Christian Fauria,TE
Darian Barnes,RB
Travares Tillman,DB
Marc Bulger,QB
Torry Holt,WR
Isaac Bruce,WR
Cam Cleeland,TE
D.J. Hackett,WR
Dexter Coakley,LB
Rocky Bernard,DL
Michael Boulware,LB
Lofa Tatupu,LB
David Allen,RB
Jimmy Williams,LB
Musa Smith,RB
LaBrandon Toefield,RB
Brian Jones,TE
Jarret Johnson,DL
Terry Cousin,DB
Brian Kozlowski,TE
Jameel Cook,RB
Juran Bolden,DB
Simeon Rice,DL
Champ Bailey,DB
Courtney Brown,DL
Ebenezer Ekuban,DL
Nick Ferguson,DB
Michael Myers,DL
James Jackson,RB
Roy Williams,WR
Troy Edwards,WR
Charles Rogers,WR
James Darling,LB
Antwan Peek,LB
Dwight Freeney,DL
Montae Reagor,DL
Jason David,DB
Marlin Jackson,DB
James Mungro,RB
Tommy Maddox,QB
Matt Kranchick,TE
Joey Porter,LB
Bryan Johnson,RB
Jason McKie,RB
John Tait,OL
Mike Brown,WR
Charles Lee,WR
David Tyree,WR
Tim Hasselbeck,QB
Karlos Dansby,LB
Orlando Huff,LB
Frank Walker,DB
Erik Coleman,DB
Ken Lucas,DB
Dee Brown,RB
Jared Allen,DL
Rashad Baker,DB
Angelo Crowell,LB
Ryan Denney,DL
London Fletcher,LB
T.J. Duckett,RB
Dez White,WR
Nick Barnett,LB
Aaron Kampman,DL
Jonathan Babineaux,DL
Patrick Kerney,DL
Julius Jones,RB
Dan Campbell,TE
Chad Lewis,TE
Mike McMahon,QB
Reno Mahe,RB
Samie Parker,WR
Kris Wilson,TE
Todd Collins,QB
Carlos Hall,DL
Eric Warfield,DB
Lewis Sanders,DB
Charles Grant,DL
Willie McGinest,DL
Eugene Wilson,DB
Mike Patterson,DL
Chase Blackburn,LB
Larry Foote,LB
Deshea Townsend,DB
Tommy Polley,LB
Anthony Weaver,DL
Zeron Flemister,TE
Derrick Burgess,DL
Rich Parson,WR
Peter Warrick,WR
Terry Jones,TE
Brian Dawkins,DB
Darwin Walker,DL
David Garrard,QB
Vince Manuwai,OL
Drew Bennett,WR
Brandon Jones,WR
Kenny Wright,DB
Jared Clauss,DL
Kyle Vanden Bosch,DL
Madison Hedgecock,RB
Darryl Blackstock,LB
Ryan Neufeld,TE
Andrew Pinnock,RB
Philip Rivers,QB
Jeff Posey,DL
Donnie Edwards,LB
Matt Wilhelm,LB
Ricky Manning,DB
Alfonso Boone,DL
Tommie Harris,DL
Michael Haynes,WR
David Pollack,LB
Justin Smith,DL
R.W. McQuarters,DB
Terrance Copper,WR
Terence Newman,DB
Billy Cundiff,K
Sage Rosenfels,QB
Charlie Frye,QB
Alvin McKinley,DL
Matt Stewart,LB
Travis Minor,RB
Dante Ridgeway,WR
Kliff Kingsbury,QB
Cecil Sapp,RB
Victor Hobson,LB
Kerry Rhodes,DB
Marco Coleman,DL
Ian Gold,LB
Al Wilson,LB
Derrick Brooks,LB
Anthony McFarland,DL
Keith Brooking,LB
Earnest Graham,RB
Robert Ferguson,WR
Dovonte Edwards,DB
Colin Cole,DL
Nick Collins,DB
Cullen Jenkins,DL
Richard Owens,TE
Billy Miller,TE
Ahman Green,RB
Najeh Davenport,RB
Terrence Murphy,WR
Vonta Leach,RB
David Martin,TE
Gary Baxter,DB
Daylon McCutcheon,DB
Orpheus Roye,DL
Antonio Perkins,DB
Ron Dayne,RB
Chris Canty,DL
Matt Schaub,QB
Dan Orlovsky,QB
Jason Webster,DB
Nate Wayne,LB
Rashad Washington,DB
Ty Warren,DL
Kendrell Bell,LB
Sammy Knight,DB
Larry Izzo,LB
Grant Wistrom,DL
Ryan Fitzpatrick,QB
O.J. Atogwe,DB
Pisa Tinoisamoa,LB
Marcus Coleman,DB
Morlon Greenwood,LB
Chris McKenzie,DB
Shantee Orr,LB
Robaire Smith,DL
Jimmy Farris,WR
Steve Foley,LB
Walt Harris,DB
Carlos Rogers,DB
Shawn Springs,DB
Otis Amey,WR
Alex Holmes,TE
Lance Schulters,DB
Jarrod Cooper,DB
Stuart Schweigert,DB
Ryan Moats,RB
Brady Poppinga,LB
Nick Murphy,P
Ronald Curry,WR
Benny Sapp,DB
Mike Minter,DB
Joe Burns,RB
Jarrod Baxter,RB
Akin Ayodele,LB
Deion Sanders,WR
Ifeanyi Ohalete,DB
Aaron Elling,K
John Gilmore,TE
Dave Moore,TE
Brian Kelly,DB
Ellis Wyms,DL
Rashied Davis,DB
Ethan Kelley,DL
C.J. Mosley,DL
Troy Polamalu,DB
Mike Doss,DB
Josh Thomas,DL
Corey Chavous,DB
Shaun Rogers,DL
Dan Wilkinson,DL
Kevin Faulk,RB
Jarvis Green,DL
Luke Lawton,RB
Bobby Hamilton,DL
Terdell Sands,DL
Clinton Hart,DB
DeQuincy Scott,DL
Chad Pennington,QB
Derrick Blaylock,RB
Junior Seau,LB
Shaun Ellis,DL
Anthony Thomas,RB
Ronde Barber,DB
Dexter Jackson,WR
Greg Spires,DL
Todd France,K
Nehemiah Broughton,RB
Pierson Prioleau,DB
Sean Taylor,DB
Bradlee Van Pelt,QB
Eric Hicks,DL
Patrick Surtain,DB
Demetrin Veal,DL
Patrick Crayton,WR
Jason Ferguson,DL
James Butler,DB
Justin Tuck,K
Eric Green,TE
Robert Griffith,DB
Ross Kolodziej,DL
Mike Adams,WR
Keith Lewis,DB
Damien Anderson,RB
Nick Novak,K
Tony Stewart,TE
Jerame Tuman,TE
Sam Madison,DB
Donnie Spragan,LB
Manuel Wright,DL
Billy Volek,QB
Jim Sorgi,QB
John Henderson,WR
Brian Russell,DB
Eric Beverly,OL
Bryan Scott,DB
Thomas Davis,LB
Chris Draft,LB
Marlon McCree,DB
Brandon Short,LB
James Harrison,LB
Gabe Reid,TE
Mike Montgomery,RB
Mark Roman,DB
Leonard Weaver,RB
Seneca Wallace,QB
Koy Detmer,QB
Darnerien McCants,WR
Andre Dyson,DB
Joe Tafoya,DL
Craig Terrill,DL
Sean Landeta,P
Dre' Bly,DB
Kenny Peterson,DL
Albert Haynesworth,DL
Peter Sirmon,LB
Zach Thomas,WR
Fred Robbins,DL
Sheldon Brown,DB
Marques Tuiasosopo,QB
B.J. Askew,RB
Mark Brown,TE
Lance Legree,DL
James Reed,DL
Fred Smoot,DB
Darren Bennett,P
Travis Hall,DL
Julian Peterson,LB
Bruce Thornton,DL
Justin Snow,TE
Reggie Hayward,DL
Anthony Maddox,DL
Rich Alexis,RB
Brian Griese,QB
Keenan Howry,WR
Roderick Green,LB
Brad Kassell,LB
Randy Starks,DL
Israel Idonije,DL
David Macklin,DB
Antrel Rolle,DB
Jamel White,RB
Aubrayo Franklin,DL
James Sanders,DB
Richard Seymour,DL
John Browning,DL
Lional Dalton,DL
Kevin Burnett,LB
Lee Suggs,RB
Chad Lavalais,DL
Wesley Duke,TE
John Engelberger,DL
Tom Ashworth,OL
Tedy Bruschi,LB
Artrell Hawkins,DB
Jon Bradley,DL
Tim Rattay,QB
Steve Bush,TE
Marques Douglas,DL
Dhani Jones,LB
N.D. Kalu,DL
Mark Simoneau,LB
Dexter McCleon,DB
Ben Emanuel,DB
Darrell Jackson,WR
Kevin Williams,RB
Mike Bartrum,TE
Arlen Harris,RB
DeJuan Groce,DB
Anthony Hargrove,DL
Corey Ivy,DB
Leonard Little,DL
Chris Johnson,RB
Matt Roth,DL
Rex Grossman,QB
Michael Green,DB
Dimitri Patterson,DB
Joe Salave'a,DL
Renaldo Wynn,DL
John Navarre,QB
Donovan Morgan,WR
Antonio Smith,DL
Jason Babin,DL
C.C. Brown,DB
Jerry DeLoach,DL
Glenn Earl,DB
Nick Eason,DL
Renaldo Hill,DB
Stanford Routt,DB
Sean Jones,DL
Shelton Quarles,LB
Jon Kitna,QB
Sean McHugh,RB
Andre' Goodman,DB
LeVar Woods,LB
Drew Carter,WR
Todd Bouman,QB
T.J. Slaughter,LB
Jamal Robertson,RB
Fred McAfee,RB
Drayton Florence,DB
Quentin Jammer,DB
Igor Olshansky,DL
Nick Harper,DB
Dave Rayner,K
Aaron Rodgers,QB
Noah Herron,RB
Samari Rolle,DB
Chad Williams,DB
Brian Jennings,TE
Tyoka Jackson,DL
Damione Lewis,DL
Nick Greisen,LB
Alfred Malone,DL
Moran Norris,RB
Romby Bryant,WR
Leo Araguz,P
Aaron Moorehead,WR
Gilbert Gardner,LB
Mike Labinjo,LB
Kevin Kaesviharn,DB
Jim Leonhard,DB
Justin Fargas,RB
DeMarcus Ware,LB
Chidi Iwuoma,DB
Bruce Perry,RB
Kevin Barry,OL
Ryan Flinn,P
Richard Angulo,TE
Sam Cowart,LB
Raonall Smith,LB
Hank Poteat,DB
Kevin Johnson,WR
Paul Smith,RB
Jeff Blake,QB
Boss Bailey,LB
Ian Scott,DL
Remy Hamilton,K
Kendrick Clancy,DL
David Terrell,WR
Curome Cox,DB
Gerard Warren,DL
Itula Mili,TE
Tory Humphrey,TE
Matt Mauck,QB
Damien Nash,RB
O.J. Small,WR
Quinn Gray,QB
Cortez Hankton,WR
Bo Schobel,DL
Sam Rayburn,DL
Will Allen,DB
Matt Cassel,QB
Bam Childress,WR
Matt Chatham,LB
Tony Banks,QB
Bracy Walker,DB
James Farrior,LB
Nick Luchey,RB
Darius Watts,WR
Bhawoh Jue,DB
Terrence Kiel,DB
Eddie Berlin,WR
Shaun Hill,QB
E.J. Henderson,LB
Sam Adams,OL
Paul Irons,TE
Ma'ake Kemoeatu,DL
Ed Reed,DB
Aveion Cason,RB
Marcus Spears,OL
Ben Hartsock,TE
Brentson Buckner,DL
LaVar Arrington,LB
Omar Stoutmire,DB
Dante Wesley,DB
Travelle Wharton,OL
Alonzo Jackson,LB
Brad St. Louis,TE
Chris Hoke,DL
Roland Williams,TE
Jeff Robinson,TE
Teyo Johnson,TE
Adam Archuleta,DB
Jimmy Kennedy,RB
Darnell Dockett,DL
Vince Wilfork,DL
Mike Leach,TE
Nate Washington,WR
Casey Hampton,DL
D.J. Williams,TE
Marquand Manuel,DB
Willie Offord,DB
Carl Powell,DL
Chad Owens,WR
Alex Bannister,WR
Dat Nguyen,LB
Scott Shanle,LB
Carlos Emmons,LB
Shaun Williams,DB
Ryan Nece,LB
DeLawrence Grant,DL
Charles Woodson,DB
Tank Williams,DB
Michael Hawthorne,DB
Marques Harris,LB
Courtney Watson,LB
Kenechi Udeze,DL
Jay Fiedler,QB
Deke Cooper,DB
Jonathan Smith,WR
Chauncey Davis,DL
Alshermond Singleton,LB
Tony Parrish,DB
Tebucky Jones,DB
Madieu Williams,DB
Jared DeVries,DL
Terrence Holt,DB
Teddy Lehman,LB
Ben Leber,LB
Reggie Torbor,LB
Andre Frazier,LB
Alan Ricard,RB
Ray Lewis,LB
Dwayne Carswell,TE
Kenyon Coleman,DL
Jay Ratliff,DL
Derrick Gibson,DB
Bob Sanders,LB
Calvin Pace,DL
Robert Tate,DB
Brady Smith,DL
Dontarrious Thomas,LB
Dunta Robinson,DB
Kailee Wong,LB
Anthony Mitchell,DB
Ronnie Cruz,RB
Chris McAlister,DB
Michael Roos,OL
Antwan Odom,DL
Andre Woolfolk,DB
Jamal Jones,WR
David Thornton,LB
Derek Smith,LB
Marcus Stroud,DL
Tony Romo,QB
Javon Walker,WR
Kenoy Kennedy,DB
Monty Beisel,LB
Michael Stone,DB
Will Heller,TE
Jacques Cesaire,DL
Charlie Anderson,WR
Troy Evans,LB
Napoleon Harris,LB
Travis Daniels,DB
Shaun Cody,DL
Josh Bullocks,DB
Tim Anderson,DL
Curtis DeLoatch,DB
La'Roi Glover,DL
Amos Zereoue,RB
Dan Klecko,DL
Jamar Fletcher,DB
Randall Godfrey,LB
Jeremiah Trotter,LB
Sammy Davis,DB
Grady Jackson,DL
Dominique Thompson,WR
Nate Jackson,WR
Jerious Norwood,RB
DeAngelo Williams,RB
Maurice Jones-Drew,RB
Abram Elam,DB
Jamaica Rector,WR
Montell Owens,RB
Bruce Gradkowski,QB
Mathias Kiwanuka,DL
Blue Adams,DB
Eric Johnson,TE
Michael Robinson,RB
Mark Anderson,DL
Brandon Williams,WR
Devin Hester,WR
Damon Huard,QB
Ryan Plackemeier,P
Demetrius Williams,WR
Marques Colston,WR
Reggie Bush,RB
Dawan Landry,DB
Ronnie Prude,DB
Hollis Thomas,DL
Sam Koch,P
Steve Weatherford,P
Joe Klopfenstein,TE
Malcom Floyd,WR
Matt Turk,P
Santonio Holmes,WR
Andrew Walter,QB
Chad Slaughter,OL
Nnamdi Asomugha,DB
Kirk Morrison,LB
Fabian Washington,DB
Joseph Addai,RB
Mike Bell,RB
Tony Scheffler,TE
David Kircus,WR
Terrence Wilkins,WR
Brian Clark,WR
Paul Ernster,K
Leon Washington,RB
Brad Smith,LB
Kellen Winslow,TE
Eric Barton,LB
Drew Coleman,DB
Eric Smith,WR
Kenny Watson,RB
Domata Peko,DL
Bryan Robinson,DL
Morten Andersen,K
Correll Buckhalter,RB
Jason Avant,WR
Hank Baskett,WR
Brent Hawkins,DL
Clint Ingram,LB
Charlie Johnson,OL
Michael Jennings,WR
Wali Lundy,RB
Owen Daniels,TE
Vince Young,QB
LenDale White,RB
Mario Williams,DL
David Anderson,WR
Anthony Fasano,TE
Kris Jenkins,DL
Richard Marshall,DB
Matt Leinart,QB
Leonard Pope,TE
Carlyle Holiday,WR
Brandon Miree,RB
Ruvell Martin,WR
Chris Francies,WR
Jon Ryan,P
Shaun Bodiford,WR
Laurence Maroney,RB
David Thomas,TE
Chad Jackson,WR
Rodney Harrison,DB
Chad Scott,DB
Jayme Mitchell,DL
Stephen Gostkowski,K
Quinn Sypniewski,TE
Ahmard Hall,RB
Marcedes Lewis,TE
Stephen Tulloch,LB
Tony McDaniel,DL
Scott Starks,DB
Brian Young,DL
Derek Hagan,WR
Jason Allen,DB
Jarrad Page,DB
DeMeco Ryans,LB
Greg Jennings,WR
Ko Simpson,DB
Jerome Harrison,RB
Simon Fraser,DL
Kamerion Wimbley,DL
Lawrence Vickers,RB
Antoine Bethea,DB
Devale Ellis,WR
Josh Mallard,DL
Daniel Bullocks,DB
Adam Jennings,WR
Oliver Hoyte,RB
Skyler Green,WR
Al Johnson,QB
Kedric Golston,DL
Cedric Cobbs,RB
Elvis Dumervil,DL
Sam Williams,WR
Brandon Chillar,LB
Russell Davis,RB
Ken Hamlin,DB
Kay-Jay Harris,RB
J.R. Reed,DB
Danieal Manning,DB
Tony Brown,OL
Glenn Holt,WR
Carlos Polk,LB
Cory Withrow,OL
Kevin Kasper,WR
Marcus Bell,DL
Warrick Holdman,LB
Sean Morey,WR
Demarcus Faggins,DB
Marlion Jackson,RB
Michael Boley,LB
Paul Carrington,DL
Sam Hurd,WR
Keylon Kincade,RB
Pat Watkins,DB
Miles Austin,WR
John Madsen,WR
Patrick Dendy,DB
A.J. Hawk,LB
Jason Campbell,QB
Todd Yoder,TE
Thomas Tapeh,RB
Sean Considine,DB
Daven Holly,DB
Ron Edwards,DL
Lenny Walls,DB
Jerome Carter,DB
Tye Hill,DB
Christian Morton,DB
Brandon Marshall,WR
Ryon Bingham,DL
Antonio Cromartie,DB
Jamal Williams,DL
Jeff Dugan,TE
Chris Cooper,DL
Aaron Francisco,DB
Ethan Kilmer,WR
James Hodgins,RB
Brad Cieslak,TE
Jason Hatcher,DL
Chad Mustard,TE
Tamba Hali,DL
Chris Hovan,DL
Cleo Lemon,QB
Ernie Sims,LB
Vernon Davis,TE
Manny Lawson,DL
Derreck Robinson,DL
A.J. Feeley,QB
Ed Hartwell,LB
Eric Shelton,RB
Vernon Fox,DB
Ken Walter,P
Landon Johnson,LB
Caleb Miller,LB
Ray Edwards,DL
Derrick Lewis,WR
Dee Webb,DB
Kelly Jennings,DB
Darryl Tapp,DL
Mike Smith,WR
Tarvaris Jackson,QB
Sean Ryan,TE
Duke Preston,OL
Jay Cutler,QB
Delanie Walker,TE
Josh Cooper,WR
Jay Bellamy,DB
Maurice Stovall,WR
Clint Kriewaldt,LB
Derek Anderson,QB
Keyaron Fox,LB
Bernard Pollard,DB
Kenneth Pettway,DL
Gerald Sensabaugh,DB
Kevin Huntley,DL
Sinorice Moss,WR
Will Demps,DB
Grey Ruegamer,OL
Martin Gramatica,K
Fred Wakefield,OL
Gerald Hayes,LB
Kelvin Hayden,DB
Geoff Hangartner,OL
Walter Young,WR
John Kuhn,RB
Anthony Smith,DL
Taye Biddle,WR
Kevin Dockery,DB
Casey Cramer,RB
Omar Gaither,LB
Juqua Parker,DL
Cory Ross,RB
Charlie Whitehurst,QB
John Owens,TE
Cedric Griffin,DB
Paris Warren,WR
Kellen Clemens,QB
Mario Haggan,LB
Matt Giordano,DB
De Dorsey,RB
Patrick Chukwurah,LB
Aaron Walker,TE
Isaac Sopoaga,DL
Marquis Weeks,RB
Bobby Carpenter,LB
Brett Basanez,QB
Jeff King,TE
Johnnie Morant,WR
Ronald Bartell,DB
Fakhir Brown,DB
Jermaine Phillips,DB
Darrell McClover,LB
Stacy Tutt,RB
Charles Gordon,DB
Channing Crowder,LB
Keith Ellison,LB
Derrick Ross,RB
Travis Wilson,WR
Kelvin Kight,WR
Mike Wright,DL
Cooper Wallace,TE
Colby Bockwoldt,LB
Reggie McNeal,QB
Will Buchanon,WR
Haloti Ngata,DL
Leon Williams,LB
Lennie Friedman,OL
Lance Moore,WR
Nate Lawrie,TE
Dominique Byrd,TE
Corey Smith,DL
Chris Taylor,RB
Marcus Vick,QB
Jared Lorenzen,QB
Darcy Johnson,TE
Adrian Awasom,DL
Jason Bell,DB
Martin Nance,WR
Claude Wroten,DL
Melvin Oliver,DL
Darrell Reid,DL
Ingle Martin,QB
Cameron Worrell,DB
Cliff Russell,WR
Stephen Bowen,DL
Nate Jones,WR
Micheal Spurlock,WR
John Bronson,TE
Cletis Gordon,DB
Jamaal Branch,RB
James Anderson,LB
Matt McCoy,LB
Rocky Boiman,LB
Jordan Black,OL
Pete Hunter,DB
Matt Light,OL
Brandon McKinney,DL
Jahri Evans,OL
Eric Alexander,LB
Logan Mankins,OL
Tyjuan Hagler,LB
Jeff Saturday,OL
Dylan Gandy,OL
Brian Calhoun,RB
D.D. Lewis,LB
Cortland Finnegan,DB
Jesse Mahelona,DL
Mason Unck,LB
Corey Webster,DB
Evan Oglesby,DB
Kevin Mathis,DB
Brodie Croyle,QB
Quincy Wilson,RB
Kevin Everett,TE
Mike Rosenthal,OL
James Dearth,TE
Nick Mangold,OL
LaJuan Ramsey,DL
James Adkisson,WR
Willie Reid,WR
Tony Gilbert,LB
Montavious Stanley,DL
T.J. Rushing,DB
Jeff Webb,WR
Roman Harper,DB
Barry Cofield,DL
Chad Brown,DL
Rian Wallace,LB
Donte Whitner,DB
Victor Adeyanju,DL
Colin Branch,DB
Anthony Montgomery,DL
Richard Collier,OL
Jerome McDougle,DL
A.J. Schable,DL
Gabe Watson,DL
Tyrone Poole,DB
Ahmad Brooks,LB
Luke McCown,QB
Josh Wilson,DB
Craig Davis,WR
Eric Weddle,DB
Brandon McGowan,DB
Laurent Robinson,WR
Martrez Milner,TE
Pierre Thomas,RB
Greg Olsen,TE
Brent Celek,TE
Tony Hunt,RB
Saverio Rocca,P
Kenton Keith,RB
Greg Estandia,TE
John Broussard,WR
Edward Johnson,DL
Adam Podlesh,P
Carey Davis,RB
Daniel Sepulveda,P
Zach Miller,TE
Oren O'Neal,RB
Quinton Ganther,RB
Johnnie Lee Higgins,WR
Chris Davis,RB
Sidney Rice,WR
Marshawn Lynch,RB
Trent Edwards,QB
Dwayne Wright,RB
Derek Schouman,RB
Fred Jackson,RB
Kyle Williams,WR
George Wilson,QB
David Harris,LB
Darrelle Revis,DB
Jason Hill,WR
Brian Leonard,RB
Adam Carriker,DL
Anthony Gonzalez,WR
Clifton Dawson,RB
Alex Haynes,RB
Ryne Robinson,WR
Selvin Young,RB
John McCargo,DL
Domenik Hixon,WR
Reggie Nelson,OL
Gaines Adams,DL
Stylez G. White,DL
Chad Lucas,WR
Adimchinobe Echemandu,RB
Jacoby Jones,WR
Jesse Chatman,RB
Ted Ginn,WR
Patrick Cobbs,RB
Aaron Halterman,TE
Reagan Maui'a,RB
Ahmad Bradshaw,RB
Brandon Fields,P
Kyle Eckel,RB
Matt Gutierrez,QB
Lorenzo Alexander,DL
Calvin Johnson,WR
Gerald Alexander,DB
Fernando Bryant,DB
Ryan Grant,RB
James Jones,RB
Korey Hall,RB
DeShawn Wynn,RB
Andre Hall,RB
Tramon Williams,DB
Mason Crosby,K
J.T. O'Sullivan,QB
Matt Moore,QB
Parys Haralson,DL
Patrick Willis,LB
Ben Obomanu,WR
Travis Fisher,DB
Thomas Howard,LB
Legedu Naanee,WR
Aundrae Allison,WR
Daniel Coats,TE
Marcus Maxwell,WR
Leon Hall,DB
Kiwaukee Thomas,DB
Tanard Jackson,DB
Steve Breaston,WR
Mike Barr,P
Brandon Jackson,RB
Ryan Krause,TE
Dwayne Bowe,WR
Turk McBride,DL
Tony Curtis,TE
Isaiah Stanback,WR
Nick Folk,K
Fred Bennett,DB
Amobi Okoye,DL
Joe Kowalewski,TE
Wallace Wright,WR
LaRon Landry,DB
Rocky McIntosh,LB
Le'Ron McClain,RB
Gerome Sapp,DB
Gary Stills,DL
Yamon Figurs,WR
Justin Medlock,K
Antonio Pittman,RB
Johnny Jolly,DL
Jeremy Mincey,DL
Kolby Smith,RB
Khreem Smith,DL
Tim Crowder,DL
Karl Paymah,DB
Kevin Boss,TE
Anthony Spencer,DL
Chris Redman,QB
Dwayne Jarrett,WR
Na'il Diggs,LB
Dante Rosario,TE
Quentin Moses,DL
Garrett Wolfe,RB
Troy Bienemann,TE
Devard Darling,WR
Nedu Ndukwe,DB
Matt Spaeth,TE
Shaun Smith,DL
Eric Wright,WR
Craphonso Thorpe,WR
Clint Session,LB
C.J. Wallace,DB
Jason Pociask,TE
Naufahu Tahi,RB
Chad Greenway,LB
Brian Robison,DL
Byron Storer,RB
Jason Snelling,RB
Barrett Ruud,LB
Antoine Harris,DB
Michael Matthews,TE
Blaine Saipaia,OL
Justin Jenkins,WR
Randall Gay,DB
Willie Andrews,DB
Von Hutchins,DB
John Beck,QB
Aaron Rouse,DB
Vincent Fuller,DB
Jovan Haye,DL
Ben Patrick,TE
Ronald Fields,DL
Lee Vickers,TE
Gilbert Harris,RB
Michael Huff,DB
Chris Gocong,DL
Chris Wilson,DL
John Eubanks,DB
Chris Barclay,RB
Calvin Lowry,DB
Johnathan Joseph,DB
Fred Evans,RB
Spencer Johnson,DL
D'Qwell Jackson,LB
Brandon McDonald,DB
Ashton Youboty,DB
Justin Durant,LB
Kirk Chambers,OL
Chad Nkang,LB
Rex Hadnot,OL
L.J. Shelton,OL
Rodrique Wright,DL
Lorenzo Booker,RB
Greg Camarillo,WR
Michael Lehan,DB
David Binn,OL
Tyler Thigpen,QB
Jyles Tucker,LB
Bobby Sippio,WR
Jarvis Moss,DL
Marcus Thomas,RB
Jon Beason,LB
Matt Lehr,OL
Devin Aromashodu,WR
Freddy Keiaho,LB
Derek Landri,DL
Michael Griffin,DB
Jonathan Wade,DB
Brad Butler,OL
Gary Russell,RB
JaMarcus Russell,QB
Jay Richardson,DL
Antwan Barnes,LB
Reed Doughty,DB
Darius Walker,RB
Earl Cochran,DL
Jay Alford,DL
William Gay,TE
Atari Bigby,DB
Will Blackmon,DB
Brock Berlin,QB
Eric Moore,OL
Marques Hagans,WR
Otis Grigsby,DL
Steve Fifita,DL
Courtney Taylor,WR
Boomer Grigsby,LB
Brandon Middleton,WR
Brandon Mebane,DL
Troy Smith,QB
Matt Willis,WR
Jeff Charleston,DL
Quinn Pitcock,DL
Isaac Smolko,TE
Clifton Ryan,DL
Biren Ealy,WR
Jimmy Wilkerson,DL
Brodrick Bunkley,DL
Quintin Mikell,DB
Pat McQuistan,OL
Edgar Jones,RB
Derek Stanley,WR
Tim Massaquoi,TE
Idrees Bashir,DB
Chris McFoy,WR
Ronnie Ghent,TE
Michael Gasperson,WR
Stewart Bradley,LB
Nick Graham,DB
Jamaal Fudge,DB
Derrick Martin,DB
Ryan Sims,DL
Ray McDonald,RB
John St. Clair,OL
Leigh Torrence,DB
Jeremy Kapinos,P
Derrick Pope,LB
Travis Williams,RB
Melvin Bullitt,DB
Jackie Battle,RB
LaMarr Woodley,LB
David Pittman,DB
Stephen Nicholas,LB
Brady Quinn,QB
Garrett Mills,RB
Jamie Winborn,LB
Sam Paulescu,P
John DiGiorgio,LB
Anthony Mix,WR
Kenneth Darby,RB
Stanley McClover,DL
Jonathan Fanene,DL
Craig Nall,QB
Buster Davis,LB
Jon McGraw,DB
Chris Spencer,OL
Mike Goff,OL
Shaun O'Hara,OL
Mark Tauscher,OL
Jacob Bell,OL
Matt Prater,K
Will Peterson,DB
Zak Keasey,LB
Hannibal Navies,LB
Trevor Johnson,DL
Greg Peterson,DL
Kevin Kolb,QB
Ray Willis,OL
Keyunta Dawson,DL
Ralph Brown,DB
Jacques Reeves,DB
Jamar Williams,LB
Gene Mruczkowski,OL
Aaron Ross,DB
Trey Lewis,DL
Deon Anderson,RB
Jarrett Bush,DB
Dwan Edwards,DL
Joselio Hanson,DB
Keenan Burton,WR
DeSean Jackson,WR
Quinton Culberson,LB
Todd Johnson,DB
Chris Long,DL
Akeem Jordan,LB
Quintin Demps,DB
Kevin Smith,RB
Matt Ryan,QB
Harry Douglas,WR
Jordon Dizon,LB
Alex Lewis,LB
Brent Grimes,DB
Chris Houston,DB
Chevis Jackson,DB
Curtis Lofton,LB
Ben Wilkerson,OL
Matt Forte,RB
Tyrell Johnson,DB
Zackary Bowman,DB
Dusty Dvoracek,DL
Corey Graham,DB
Marcus Harrison,DL
Trumaine McBride,DB
Kevin Payne,DB
Eddie Royal,WR
BenJarvus Green-Ellis,RB
Louis Green,LB
Ryan Harris,OL
Spencer Larsen,RB
Nate Webster,LB
Casey Wiegmann,OL
Jack Williams,DB
Gary Guyton,LB
Jerod Mayo,LB
Brandon Meriweather,DB
Mike Richardson,RB
Le Kevin Smith,DL
Raymond Ventrone,DB
Jonathan Wilhite,DB
Matt Slater,WR
Brett Kern,P
Jamaal Charles,RB
Brad Cottam,TE
Will Franklin,WR
Chansi Stuckey,WR
Dustin Keller,TE
Brandon Carr,DB
Weston Dacus,LB
Glenn Dorsey,DL
Brandon Flowers,DB
Brian Johnston,OL
Maurice Leggett,DB
Pat Thomas,LB
Tank Tyler,DL
Mike DeVito,DL
Dwight Lowery,DB
Sione Pouha,DL
Cody Spencer,LB
Dantrell Savage,RB
Connor Barth,K
John Carlson,TE
Owen Schmitt,RB
Jordan Kent,WR
Josh Morgan,WR
Red Bryant,DL
David Hawthorne,LB
Lawrence Jackson,OL
David Baas,OL
Kentwan Balmer,DL
Tarell Brown,DB
Eric Heitmann,OL
Joe Staley,OL
Justin Forsett,RB
Chaz Schilens,WR
Michael Bush,RB
Joe Flacco,QB
Ray Rice,RB
Ricky Brown,LB
Hiram Eugene,DB
Jameel McClain,LB
Mario Manningham,WR
Limas Sweed,WR
Zak DeOssie,LB
Michael Johnson,DL
Bryan Kehl,LB
Kareem McKenzie,OL
Kenny Phillips,DB
Terrell Thomas,DB
Dave Tollefson,DL
Patrick Bailey,LB
Willie Colon,OL
Anthony Madison,DB
Lawrence Timmons,LB
James Hardy,WR
Ryan Neill,DL
Davone Bess,WR
Brandon London,WR
Copeland Bryan,DL
Paul Posluszny,LB
Tyrone Culver,DB
Kendall Langford,DL
Phillip Merling,DL
Leodis McKelvin,DB
Dan Carpenter,K
Jamaal Anderson,DL
Kroy Biermann,LB
Jamaal Jackson,OL
Trevor Laws,DL
Donnie Avery,WR
Daniel Fells,TE
Eric Bassey,DB
Chris Chamberlain,LB
Antwain Spann,DB
Terrence Wheatley,DB
Syndric Steptoe,WR
Charles Ali,RB
Brian Witherspoon,DB
Beau Bell,LB
Alex Hall,LB
Louis Leonard,DL
Nick Sorensen,DB
Joe Thomas,WR
Santonio Thomas,DL
Derrick Harvey,DL
Colin Allred,LB
Dave Ball,DL
Ryan Fowler,LB
Jason Jones,DL
Eric King,DB
Kevin Mawae,OL
David Stewart,OL
Kevin Vickerson,DL
Tutan Reyes,OL
Devin Thomas,WR
John Standeford,WR
H.B. Blades,LB
Stephon Heyer,OL
Jon Jansen,OL
Ikaika Alama-Francis,DL
Cliff Avril,DL
Kalvin Pearson,DB
Ramzee Robinson,DB
Clifton Smith,RB
Martellus Bennett,TE
Tashard Choice,RB
Sabby Piscitelli,LB
Aqib Talib,DB
Alan Ball,DB
Keith Davis,DB
Mike Jenkins,WR
Justin Rogers,LB
Orlando Scandrick,DB
Mike Tolbert,RB
Antoine Cason,DB
Tim Dobbins,LB
Steve Gregory,DB
Brandon Siler,LB
Sedrick Ellis,DL
Chris Reis,DB
Usama Young,DB
Taylor Mehlhaff,K
Tim Hightower,RB
Early Doucet,WR
Jonathan Stewart,RB
Levi Brown,QB
Calais Campbell,DL
Dominique Rodgers-Cromartie,DB
Gary Gibson,DL
Charles Godfrey,DB
Charles Johnson,WR
Hilee Taylor,LB
Steve Slaton,RB
Orien Harris,DL
Kyries Hebert,DB
Eric Henderson,DL
Rashad Jeanty,LB
Brandon Johnson,LB
David Jones,TE
Levi Jones,OL
Pat Sims,DL
Marvin White,DB
Kevin Bentley,LB
Tim Bulman,DL
Zach Diles,LB
Brandon Harrison,DB
DelJuan Robinson,DL
Chad Simpson,RB
Gijon Robinson,TE
Lavelle Hawkins,WR
Eric Foster,DL
Dante Hughes,DB
Tim Jennings,DB
Jamie Silva,DB
Philip Wheeler,LB
Jacob Ford,LB
William Hayes,DL
Craig Stevens,TE
Pierre Garcon,WR
Todd Herremans,OL
Victor Abiamiri,DL
Baraka Atkins,DL
Lyle Sendlein,OL
Justin Blalock,OL
Jason Jefferson,DL
Robert Gallery,OL
Trevor Scott,DL
Tyvon Branch,DB
Elbert Mack,WR
Tyron Brackenridge,DB
Mike Cox,RB
Jean-Phillipe Darche,OL
Adrian Jones,OL
Steve Sanders,WR
Brendon Ayanbadejo,LB
Derek Fine,TE
Steve Johnson,WR
Vernon Gholston,DL
Jason Whittle,OL
Peyton Hillis,RB
Ryan Torain,RB
Josh Bell,WR
Nic Clemons,DL
Dominique Barber,DB
Duane Brown,OL
Eric Winston,OL
Husain Abdullah,DB
Jordy Nelson,WR
Jermichael Finley,TE
Justin Harrell,DL
Jason Hunter,DL
Scott Wells,OL
Stephen Peterman,OL
Kellen Davis,TE
Nick Roach,LB
Craig Steltz,DB
Uche Nwaneri,OL
Frostee Rucker,DL
Marc Colombo,OL
Andre Gurode,OL
Rich Seubert,OL
Chris Snee,OL
Chris Kemoeatu,OL
Jared Retkofsky,OL
Chris Horton,DB
Kareem Moore,DB
Casey Rabach,OL
Samson Satele,OL
Ikechuku Ndukwe,OL
Niko Koutouvides,LB
Wesley Woodyard,LB
Ahtyba Rubin,DL
David Diehl,OL
Wallace Gilberry,DL
Paul Oliver,DB
Kevin Robinson,WR
Dallas Baker,WR
Gary Barnidge,TE
Adam Seward,LB
Cooper Carlisle,OL
Kwame Harris,OL
Howard Green,DL
Xavier Adibi,LB
Mike Brisiel,OL
Frank Okam,DL
Steven Hauschka,K
Orlando Pace,OL
David Vobora,LB
James Ihedigbo,DB
Marques Murrell,LB
Reggie Corner,DB
Pierre Woods,LB
Desmond Bishop,LB
Jeremy Thompson,DL
Vinny Ciurciu,LB
Darren McFadden,RB
Hamza Abdullah,DB
Jake Grove,OL
Drew Stanton,QB
Thomas Williams,LB
Marvin Mitchell,LB
Coy Wire,DB
Garrett Hartley,K
Glenn Pakulak,P
Josh Beekman,OL
Dominique Zeigler,WR
Dan Koppen,OL
Jason Trusnik,DL
Daren Stone,DB
Tim Castille,RB
Mike Gandy,OL
Matt Ware,DB
Walter Jones,OL
Mike Wahle,OL
Geno Hayes,LB
Jeremy Trueblood,OL
Adam Goldberg,OL
Richie Incognito,OL
Marcus Hudson,DB
Reggie Smith,WR
Donald Strickland,DB
Jeff Ulbrich,LB
Nick Hardwick,OL
Jacob Hester,RB
Marcus McNeill,OL
Eric Ghiaciuc,OL
Jon Runyan,OL
Tracy White,LB
Abdul Hodge,LB
Corey Mays,LB
Andrew Whitworth,OL
Mike Sims-Walker,WR
Khalif Barnes,OL
Cornell Green,OL
John Denney,OL
P.J. Pope,RB
David Irons,DB
Jeff Backus,OL
Andre Fluellen,DL
Antwaun Molden,DB
Antonio Johnson,DL
Buck Ortega,TE
Oliver Celestin,DB
DaJuan Morgan,DB
T.J. Jackson,WR
Damion McIntosh,OL
Brian Waters,OL
Andre Caldwell,WR
John Busing,DB
Andrew Crummey,OL
Arron Sears,OL
Brad Meester,OL
Darius Reynaud,WR
Keith Grennan,DL
Willie Anderson,OL
Haruki Nakamura,DB
Malcolm Kelly,WR
Khary Campbell,LB
Chris Samuels,RB
Flozell Adams,TE
Jon Alston,LB
Ryan Clady,OL
Roderick Rogers,DB
Josh Shaw,DL
Jake Scott,OL
Chris Kuper,OL
Bryan Pittman,OL
Eric Weems,WR
Blake Costanzo,LB
Chris Ellis,DL
Herbert Taylor,OL
Matt Flynn,QB
Drew Henson,QB
Damion Cook,OL
Michael Adams,DB
Deuce Lutui,OL
Torrance Daniels,LB
Jake Long,OL
Joey Thomas,DB
Sam Baker,RB
Andrew Economos,OL
Donald Penn,OL
Rudy Niswanger,OL
Branden Albert,OL
Jeremy Clark,DL
Ryan Boschetti,DL
Randy Thomas,OL
Thomas DeCoud,DB
Anthony Waters,LB
Derrick Dockery,OL
Dustin Fox,DB
Jon Corto,DB
Robert Meachem,WR
Josh Savage,DL
Quincy Black,LB
Jordan Palmer,QB
Jerome Simpson,WR
Jason Brown,OL
Simeon Castille,DB
Jason Shirley,DL
Vince Redd,LB
Steve Neal,OL
Josh Barrett,DB
Damien Woody,OL
Martin Rucker,TE
Mike Pollak,OL
Jordan Senn,LB
Jacob Tamme,TE
Jason Davis,RB
Ryan Cook,OL
Earl Bennett,WR
Fred Davis,TE
Jo-Lonn Dunbar,LB
Jonathan Goodwin,OL
Tracy Porter,WR
Alfred Fincher,LB
Justin Hamilton,RB
Durant Brooks,P
Donte Curry,LB
Nate Salley,DB
Chauncey Washington,RB
Quentin Groves,LB
Jesse Nading,DL
Isaiah Ekejiuba,LB
Jonathan Holland,WR
Antwan Applewhite,LB
Will Herring,LB
Floyd Womack,OL
Tra Battle,DB
Justin Hartwig,OL
Marcus Smith,WR
Kenny Iwebema,DL
Jerome Felton,RB
Eric Frampton,DB
Gosder Cherilus,OL
Rashard Mendenhall,RB
Donovan Woods,LB
Gerris Wilkinson,LB
Brett Goode,LB
Chris White,OL
James Johnson,RB
Marcus Howard,DL
Daniel Muir,DL
John Wendling,DB
Steve Vallos,OL
Logan Payne,WR
Michael Bumpus,WR
Dashon Goldson,DB
Max Starks,OL
Mario Henderson,DL
Chris Harrington,DL
Jason Rader,TE
Joey Haynos,TE
Paul Soliai,DL
Jeromey Clary,OL
Tuff Harris,DB
David Clowney,WR
Langston Walker,OL
Rhys Lloyd,K
Anthony Cannon,LB
Landon Cohen,DL
Tony Moll,OL
Marcus McCauley,DB
Kevin Boothe,OL
Tony Pashos,OL
Tom Zbikowski,DB
Steve Octavien,LB
Brandon Miller,DL
Ken Amato,OL
Keith Rivers,LB
Bobbie Williams,OL
William Kershaw,LB
Kevin O'Connell,QB
Tyson DeVree,TE
Pago Togafau,LB
Titus Brown,DL
Seth McKinney,OL
Nick Hayden,DL
Xavier Omon,RB
Corey Mace,DL
Matt Birk,OL
Marcus Hamilton,DB
Allen Barbre,OL
Todd Watkins,WR
Greyson Gunheim,DL
Jalen Parmele,RB
Cory Boyd,RB
Cory Procter,OL
Dennis Dixon,QB
Kris Griffin,LB
Alan Branch,DL
John Greco,OL
Paul Williams,WR
Lance Ball,RB
Roy Hall,WR
Amon Gordon,DL
Stanford Keglar,LB
Josh Stamer,LB
Curtis Johnson,DL
Jamey Richard,OL
Remi Ayodele,LB
Darnell Bing,DB
LaMarcus Hicks,DB
Daryn Colledge,OL
Jason Spitz,OL
Andy Studebaker,LB
Jim Maxwell,LB
Erik Walden,DL
Robert Turner,RB
Danny Ware,RB
Edmond Miles,LB
Chad Henne,QB
Kris Dielman,OL
Kregg Lumpkin,RB
Chad Clifton,OL
Tom Santi,TE
Quinton Teal,DB
Adam Snyder,OL
Tony Wragge,OL
Felix Jones,RB
Chester Pitts,OL
Lance Laury,LB
Andy McCollum,OL
Dominic Raiola,OL
Reggie Wells,OL
Kevin Shaffer,OL
Marshal Yanda,OL
Adam Hayward,LB
Ben Hamilton,OL
Adam Terry,OL
Ryan Kalil,OL
Corey Lynch,DB
Charlie Peprah,DB
Alan Faneca,OL
Olaniyi Sobomehin,RB
Rob Jackson,DL
Jeff Otah,OL
Jeremy Bridges,OL
Erin Henderson,LB
David Herron,LB
Cullen Loeffler,OL
Gerard Lawson,DB
Isaac Sowells,OL
Tavares Gooden,LB
Kendall Simmons,OL
Mike Hart,RB
Lonie Paxton,OL
Chris Myers,OL
Kevin Hobbs,DB
C.J. Wilson,DL
Melvin Fowler,OL
Patrick Lee,DB
Carl Nicks,OL
Pete Kendall,OL
Mark LeVoir,OL
Ben Grubbs,OL
Justin Smiley,OL
Steve Hutchinson,OL
Omare Lowe,DB
Barry Sims,OL
Lionel Dotson,DL
Greg Warren,OL
Jammal Brown,OL
Mark Sanchez,QB
Jamaal Westerman,DL
Connor Barwin,DL
Brian Cushing,LB
Brice McCain,DB
Glover Quin,DB
Nate Hughes,WR
Donald Brown,RB
Austin Collie,WR
Russell Allen,LB
Derek Cox,DB
Brian Iwuh,LB
Terrance Knighton,DL
Jerraud Powers,DB
Pat McAfee,K
Percy Harvin,WR
Jaymar Johnson,WR
Mike Wallace,WR
David Johnson,RB
Asher Allen,DB
Kenny Onatolu,LB
Stefan Logan,RB
Brian Hoyer,QB
Brandon Tate,WR
Josh Johnson,QB
Sammie Stroughter,WR
Josh Freeman,QB
Darius Butler,DB
Patrick Chung,DB
Bret Lockett,DB
Myron Pryor,DL
Roy Miller,DL
Shane Andrus,K
LeSean McCoy,RB
Jeremy Maclin,WR
Antonio Dixon,DL
Moise Fokou,LB
Victor Harris,DB
Jeremy Jarmon,DL
Brian Orakpo,LB
Justin Tryon,DB
Kevin Ogletree,WR
John Phillips,TE
Aaron Curry,LB
Nick Reed,DL
Max Unger,OL
Victor Butler,LB
Danny Amendola,WR
Brandon Gibson,WR
Matthew Stafford,QB
Aaron Brown,RB
Brandon Pettigrew,TE
Derrick Williams,WR
K.C. Asiodu,LB
Quincy Butler,DB
Craig Dahl,DB
Leger Douzable,DL
Larry Grant,LB
James Laurinaitis,LB
Jason Smith,OL
Louis Delmas,DB
Sammie Lee Hill,DL
DeAndre Levy,LB
John Sullivan,OL
Spencer Havner,TE
Quinn Johnson,RB
Jamarca Sanford,DB
Clay Matthews,OL
B.J. Raji,DL
Josh Sitton,OL
Michael Crabtree,WR
Glen Coffee,RB
Scott McKillop,LB
Chilo Rachal,OL
Curtis Taylor,DB
Ramon Humber,LB
Jacob Lacey,DB
Beanie Wells,RB
LaRod Stephens-Howling,RB
Everette Brown,DL
Sherrod Martin,DB
Captain Munnerlyn,DB
Mike Goodson,RB
Kenny Moore,WR
Mohamed Massaquoi,WR
Brian Robiskie,WR
Johnny Knox,WR
Coye Francies,DB
Kaluka Maiava,LB
Al Afalava,DB
Knowshon Moreno,RB
Robert Ayers,DL
Ryan McBean,DL
Alphonso Smith,DB
Dannell Ellerbe,LB
Lardarius Webb,DB
Daniel Loper,OL
Don Muhlbach,OL
Thomas Morstead,P
Mike Thomas,RB
Jarett Dillard,WR
Rashad Jennings,RB
Kenny Britt,WR
Jared Cook,TE
Eben Britton,OL
Atiyyah Ellison,DL
Julius Williams,LB
Brian Hartline,WR
Shonn Greene,RB
Vontae Davis,DB
Lex Hilliard,RB
Sean Smith,DL
Cameron Wake,LB
James Casey,TE
Demetress Bell,OL
Jairus Byrd,DB
Nic Harris,LB
Aaron Maybin,DL
Jonathan Stupar,TE
Hakeem Nicks,WR
Travis Beckum,TE
Eldra Buckley,RB
Bruce Johnson,DB
Louis Murphy,WR
Darrius Heyward-Bey,WR
Brandon Myers,TE
Desmond Bryant,DL
Matt Shaughnessy,DL
Kevin Ellison,DB
Larry English,DL
Ogemdi Nwagbuo,DL
Vance Walker,DL
Gerald McRath,LB
Quan Cosby,WR
Tom Nelson,DB
Morgan Trent,DB
Kevin Huber,P
Marko Mitchell,WR
Pat White,WR
Dan Connolly,OL
Tyler Polumbus,OL
Bernard Scott,RB
David Bruton,DB
Darcel McBath,DB
Rey Maualuga,LB
Lance Long,WR
Jovan Belcher,LB
Tyson Jackson,DL
Kenny Smith,DL
Bryan Smith,LB
Ryan Succop,K
Anthony Hill,TE
Tim Jamison,DL
Ryan Diem,OL
Ryan Lilja,OL
Tyrell Sutton,RB
Keydrick Vincent,OL
Malcolm Jenkins,DB
DeMario Pressley,DL
Will Davis,DL
Ali Highsmith,LB
Roberto Garza,OL
Deon Butler,WR
Rob Sims,OL
Louis Rankin,RB
Brandon Underwood,DB
Clint Sintim,LB
Ryan Mundy,DB
Kenny McKinley,WR
Olin Kreutz,OL
Diyral Briggs,LB
C.J. Ah You,DL
Justin King,DB
Darell Scott,DL
Julian Edelman,WR
Ron Brace,DL
C.J. Spillman,DB
Kory Sperry,TE
Derrick Roberson,DB
Alex Magee,DL
Jon Condo,LB
Keith Zinger,TE
Tony Fiammetta,RB
Thomas Johnson,DL
Shawn Nelson,TE
Ellis Lankster,DB
Sen'Derrick Marks,DL
Maurice Purify,WR
Dan Skuta,LB
Arnold Harrison,LB
Evander Hood,DL
Scott Mruczkowski,OL
Brad Jones,LB
Joe Cohen,DL
Chris Jennings,RB
Marcus Benard,LB
Nate Garner,OL
Kahlil Bell,RB
Joe Mays,LB
Pierre Walters,LB
Heath Farwell,LB
Marcus Buggs,LB
Rob Ninkovich,DL
Leonard Davis,OL
Junior Siavii,DL
Marquice Cole,DB
Lynell Hamilton,RB
Kyle Moore,DL
Jeremy Zuttah,OL
Harvey Dahl,OL
Andy Levitre,OL
Ashlee Palmer,LB
Michael Mitchell,DB
DeAngelo Smith,DB
Zack Follett,LB
Kyle DeVan,OL
De'von Hall,DB
Chris Chester,OL
Paul Kruger,DL
Arian Foster,RB
Todd McClure,OL
Chris Owens,DB
Marcus Mason,RB
Kevin Barnes,DB
Ryan Baker,DL
Joe Berger,OL
James Holt,LB
Quinten Lawrence,WR
Javon Ringer,RB
Jason McCourty,DB
Jake Allen,WR
Ryan Pontbriand,OL
Danny Woodhead,RB
Dan Connor,LB
Charly Martin,WR
Ropati Pitoitua,DL
D'Brickashaw Ferguson,OL
Evan Moore,WR
Brian Schaefering,DL
Alex Barron,OL
David Roach,DB
Jake O'Connell,TE
Joe Burnett,DB
Geoffrey Pope,DB
Brett Romberg,OL
Lawrence Sidbury,DL
Ervin Baldwin,DL
Fili Moala,DL
Chris Pressley,RB
Geoff Schwartz,OL
Kyle Kosier,OL
Jonathan Goff,LB
Bear Pascoe,TE
Javarris Williams,RB
Thomas Gafford,LB
Russ Hochstein,OL
Anthony Collins,OL
William Middleton,DB
Rashad Johnson,DB
Mark Setterstrom,OL
Jason Kyle,LB
Byron Westbrook,DB
Evan Dietrich-Smith,OL
Matthew Mulligan,TE
Davin Joseph,OL
Dre Moore,DL
Keith Null,QB
Jamar Adams,DB
Graham Gano,P
Vaughn Martin,DL
Donald Thomas,OL
James Wyche,DL
Ryan O'Callaghan,OL
Wade Smith,OL
J.J. Jansen,OL
Titus Adams,DL
Kyle Arrington,DB
Albert Young,RB
Jasper Brinkley,LB
Richard Quinn,TE
Dan Gronkowski,TE
Prescott Burgess,LB
Patrick Mannelly,OL
Brock Bolen,RB
Michael Hamlin,DB
Tony Carter,RB
Winston Justice,OL
Kevin Houser,OL
Mike Gibson,OL
Kareem Huggins,RB
Wayne Hunter,OL
Caleb Hanie,QB
Justin Harper,WR
Kelly Talavou,DL
Cary Williams,DB
Sean Mahan,OL
Dennis Roland,OL
Dion Gales,DL
Jake Nordin,TE
Gartrell Johnson,RB
Antonio Garay,DL
Marcel Reece,TE
Slade Norris,LB
Chris Ogbonnaya,RB
Danny Gorrer,DB
Greg Toler,DB
Reggie Walker,LB
Tyler Grisham,WR
Cyril Obiozor,LB
Jarius Wynn,DL
Jonathan Casillas,LB
Curtis Painter,QB
Kyle Cook,OL
Doug Free,OL
Robert Henson,LB
Jeremy Navarre,DL
Ricky Schmitt,K
Brian Brohm,QB
Will Svitek,OL
Will Beatty,OL
D.J. Johnson,DB
Ramses Barden,WR
Bryant McKinnie,OL
Kory Sheets,RB
Vernon Carey,OL
Rodney Leisle,DL
Zach Strief,OL
Ricky Price,DB
Ra'Shon Harris,DL
Zach Potter,TE
Courtney Greene,DB
Brian St. Pierre,QB
Jason Banks,DL
Colin Cloherty,TE
Sam Giguere,WR
John Gill,WR
Cody Glenn,LB
Cary Harris,DB
Rico Murray,DB
Jarron Gilbert,DL
Tim Shaw,LB
Sebastian Vollmer,OL
Rod Harper,WR
Keilen Dykes,DL
Ryan Mouton,DB
Letroy Guion,DL
Anthony Herrera,OL
Manuel Ramirez,OL
Bradley Fletcher,DB
Tiquan Underwood,WR
Cameron Morrah,TE
Chris Williams,WR
James Davis,RB
Matt Lawrence,RB
Jared Gaither,OL
Chris Morris,OL
Antwon Burton,DL
Kasey Studdard,OL
Jordan Gross,OL
Michael Oher,OL
Jamar Nesbit,OL
Evan Mathis,OL
Nick Kaczur,OL
Peria Jerry,DL
Donald Washington,DB
William Moore,DB
Brett Swain,WR
T.J. Lang,OL
Doug Legursky,OL
Louis Vasquez,OL
Frank Omiyale,OL
Alex Mack,OL
Isaac Redman,RB
Corey Peters,DL
Sean Weatherspoon,LB
Emmanuel Sanders,WR
Jason Worilds,DL
Mitch King,DL
Kareem Jackson,DB
Sherrick McManis,DB
Darryl Sharpton,LB
Devin Moore,RB
Jordan Shipley,WR
Jermaine Gresham,TE
Michael Palmer,TE
Carlos Dunlap,DL
Spencer Adkins,LB
Shann Schillinger,DB
Anthony Armstrong,WR
Brandon Banks,WR
Keiland Williams,RB
Lance Louis,OL
Henry Melton,DL
D.J. Moore,DB
Matt Toeaina,DL
Barry Turner,DL
Riley Cooper,WR
Chad Hall,WR
Jorrick Calvin,DB
Damian Williams,WR
Nate Allen,DB
Alterraun Verner,DB
Marc Mariani,WR
Dez Bryant,WR
Chris Gronkowski,RB
Josh Brent,DL
Phil Costa,OL
Sean Lee,LB
Danny McCray,DB
Akwasi Owusu-Ansah,DB
Matt Dodge,P
David Buehler,K
LeGarrette Blount,RB
Arrelious Benn,WR
Ryan Purvis,TE
Max Hall,QB
E.J. Biggers,DB
Cody Grimm,DB
Derek Hardman,OL
Myron Lewis,DB
Gerald McCoy,DL
Daryl Washington,LB
Dan Williams,DL
Andre Roberts,WR
Robert Malone,P
Jahvid Best,RB
Amari Spievey,DB
Ndamukong Suh,DL
Toby Gerhart,RB
Aaron Hernandez,TE
Rob Gronkowski,TE
Chris Cook,DB
Sergio Brown,DB
Jermaine Cunningham,LB
Brandon Deaderick,DL
Devin McCourty,DB
Brandon Spikes,LB
Zoltan Mesko,P
Roberto Wallace,WR
Koa Misi,LB
Geno Atkins,DL
Deji Karim,RB
Tyson Alualu,DL
Don Carey,DB
Larry Hart,OL
Austen Lane,DL
Aaron Morgan,LB
Barry Church,DB
Sean Lissemore,DL
Brandon LaFell,WR
David Gettis,WR
Sam Bradford,QB
Michael Hoomanawanui,TE
Greg Hardy,DL
Garry Williams,OL
Jermelle Cudjo,DL
Jerome Murphy,DB
Brit Miller,LB
Joe Haden,DB
T.J. Ward,DB
Brian Price,DL
Chris Bryan,P
C.J. Spiller,RB
David Nelson,RB
Tony Moeaki,TE
Verran Tucker,WR
Torell Troup,DL
Javier Arenas,DB
Eric Berry,DB
Cory Greenwood,LB
Kendrick Lewis,DB
Ryan Mathews,RB
Seyi Ajirotutu,WR
Gary Banks,WR
Rennie Curran,LB
Richard Goodman,WR
Andrew Quarless,TE
Sam Shields,DB
Frank Zombo,LB
Matt Slauson,OL
Tim Masthay,P
Demaryius Thomas,WR
Tim Tebow,QB
Anthony Dixon,RB
NaVorro Bowman,LB
Taylor Mays,DB
Britton Colquitt,P
Chris Ivory,RB
Jermon Bushrod,OL
Chase Daniel,QB
Golden Tate,WR
Jacoby Ford,WR
Nick Miller,WR
Stacy Andrews,OL
Kam Chancellor,DB
Kennard Cox,DB
Roy Lewis,DB
Nate Ness,DB
Earl Thomas,WR
Stevie Brown,DB
Lamarr Houston,DL
Rolando McClain,LB
Jeremy Ware,RB
Javarris James,RB
Brody Eldridge,OL
Pat Angerer,LB
Jerry Hughes,DL
Blair White,WR
Kion Wilson,LB
Troy Nolan,DB
Preston Parker,WR
Erik Lorig,DL
Dekoda Watson,LB
Al Woods,DL
Kyle Wilson,DB
John Conner,RB
Cedric Peerman,RB
Dexter Davis,LB
Walter Thurmond,DB
E.J. Wilson,DL
Anthony McCoy,TE
Colt McCoy,QB
Shawn Crable,DL
Jimmy Graham,TE
Jimmy Clausen,QB
Tony Pike,QB
Jordan Pugh,DB
Donald Jones,WR
Antonio Coleman,DL
Arthur Moats,LB
Cornelius Brown,DB
Keenan Clayton,LB
Kurt Coleman,LB
Jim Dray,TE
O'Brien Schofield,LB
Everson Griffen,DL
Bryan McCann,DB
Dimitri Nance,RB
Tom Crabtree,TE
Scott Chandler,TE
Walter McFadden,DB
David Reed,WR
Terrence Cody,DL
Nolan Carroll,DB
Mackenzy Bernadeau,OL
Jason Pierre-Paul,DL
Ed Dickson,TE
George Selvie,DL
Phillip Adams,DB
Reshad Jones,DB
Thomas Clayton,RB
Dane Fletcher,DL
Perrish Cox,DB
Kyle McCarthy,DB
Syd'Quan Thompson,DB
J.D. Walton,OL
Josh Vaughan,RB
Andre Neblett,DL
Eric Norwood,LB
Brandon James,WR
Brandon Ghee,DB
Clinton McDonald,DL
Kavell Conner,LB
Ricardo Mathews,DL
Mike Newton,DB
Dexter McCluster,WR
Shawn Andrews,OL
Duke Calhoun,WR
Brian Jackson,DB
Earl Mitchell,DL
Darrel Young,RB
Colt Anderson,DB
Jamar Chaney,LB
Nick Cole,OL
Marlon Moore,WR
Major Wright,DB
Clay Harbor,TE
Brandon Graham,DL
Travis Goethel,LB
Jared Veldheer,OL
Keenan Lewis,DB
Steve McLendon,DL
Jason Phillips,WR
Matt Kroul,DL
Rusty Smith,QB
Patrick Turner,WR
Joe McKnight,RB
A.J. Jefferson,DB
Jehuu Caulcrick,RB
Alex Carrington,DL
Aaron Pettrey,K
Antone Smith,RB
Darian Stewart,DB
Curtis Brinkley,RB
Kevin Alexander,WR
Cam Thomas,DL
Kyle Love,DL
Patrick Robinson,WR
Jon Stinchcomb,OL
Jesse Holley,WR
Josh Mauga,LB
Mike Windt,OL
Danario Alexander,WR
Eric Decker,WR
Maurkice Pouncey,OL
Garrison Sanborn,OL
Kraig Urbik,OL
Trevard Lindley,DB
Mike McGlynn,OL
Randy Phillips,DB
Carlton Mitchell,WR
Jason Williams,LB
Jeron Mastrud,TE
Jackie Bates,DB
Reshard Langford,DB
Michael Coe,DB
Daniel Te'o-Nesheim,DL
Logan Paulsen,TE
Kory Lichtensteiger,OL
Terrence Austin,WR
John Skelton,QB
Eugene Amano,OL
Stevenson Sylvester,LB
Derrick Morgan,DL
Dennis Pitta,TE
Roddrick Muckelroy,LB
Clint Stitser,K
James Starks,RB
Ricky Jean-Francois,DL
David Veikune,DL
Chris DeGeare,OL
Joe Webb,WR
Robert McClain,DB
Russell Okung,OL
Rod Wilson,DB
Jonathon Amaya,DB
Eugene Sims,LB
Mardy Gilyard,WR
Lonyae Miller,RB
Taj Smith,WR
King Dunlap,OL
Keith Toston,RB
Keaton Kristick,LB
Vince Anderson,DB
Anthony Bryant,DL
Corey Wootton,DL
Nate Byham,TE
Anthony Davis,RB
Tyler Palko,QB
Armanti Edwards,QB
Prince Miller,DB
Darry Beckwith,LB
Cassius Vaughn,DB
Emanuel Cook,DB
Max Jean-Gilles,OL
Phillip Dillard,LB
Manuel Johnson,WR
Perry Riley,LB
Andrew Sendejo,DB
Pete Ittersagen,DB
Malcolm Sheppard,DL
Caleb Campbell,DB
Lee Robinson,LB
Jeromy Miles,DB
Naaman Roosevelt,WR
Phil Loadholt,OL
Stephen McGee,QB
Max Komar,WR
Eugene Monroe,OL
Thaddeus Gibson,LB
Dezmon Briscoe,WR
Larry Asante,DB
Vincent Rey,LB
Travis Ivey,DL
Barry Richardson,OL
Marcus Dixon,DL
Tanner Purdum,OL
Linval Joseph,DL
Mickey Shuler,TE
Stephen Williams,WR
Brandon Keith,OL
Dominique Franks,DB
Nick Sundberg,OL
Jonathan Dwyer,RB
Brandon Lang,LB
Adrian Arrington,WR
Tyrone McKenzie,LB
Charles Brown,OL
Junior Galette,DL
Taylor Price,WR
Paul Hubbard,WR
Jeff Cumberland,TE
Eric Wood,OL
Corvey Irvin,DL
Tyson Clabo,OL
Bryan Bulaga,OL
Chase Coffman,TE
Richard Bartel,QB
Tramaine Brock,DB
Alex Joseph,LB
L.P. Ladouceur,DL
Brandon Hughes,DB
Anthony Toribio,DL
Rob Francois,LB
J'Marcus Webb,OL
Alvin Bowen,LB
Morgan Burnett,DB
Stanley Arnoux,LB
Fendi Onobun,TE
Marquis Johnson,DB
Micah Johnson,LB
Jared Odrick,DL
Mike Neal,LB
Andre Smith,TE
Jaimie Thomas,OL
Aaron Berry,DB
Fernando Velasco,OL
Adam Koets,OL
Rashad Butler,OL
Jon Weeks,OL
John Matthews,WR
D'Anthony Batiste,OL
Trent Williams,OL
Maurice Simpkins,LB
Andre Brown,RB
Edwin Williams,OL
Jeremy Horne,WR
David Nixon,LB
Jon Dorenbos,OL
Brandon King,DB
Jerome Johnson,RB
Josh Hull,LB
A.J. Green,WR
Andy Dalton,QB
Montario Hardesty,RB
Greg Little,WR
Jordan Norwood,WR
Jabaal Sheard,DL
Phil Taylor,DL
Richmond McGee,P
Torrey Smith,WR
Cameron Heyward,DL
Pernell McPhee,DL
Jacquizz Rodgers,RB
Kerry Meier,WR
Titus Young,WR
Akeem Dent,LB
Garrett Reynolds,OL
Nick Fairley,DL
Matthew Bosher,K
Ryan Donahue,P
Niles Paul,WR
Roy Helu,RB
Leonard Hankerson,WR
Cam Newton,QB
Erik Cook,OL
Ryan Kerrigan,DL
Jermale Hines,DB
Terrell McClain,DL
Kealoha Pilares,WR
LaQuan Williams,WR
Blaine Gabbert,QB
Cecil Shorts,WR
Arthur Jones,DL
John Chick,RB
Owen Marecic,RB
Kendall Hunter,RB
Bruce Miller,RB
Buster Skrine,DB
Chris Culliver,DB
Aldon Smith,DL
Charles Clay,TE
Victor Cruz,WR
Jake Ballard,TE
Jimmy Wilson,DB
Tyler Sash,DB
Jacquian Williams,LB
Julius Thomas,TE
Willie Young,OL
Quinton Carter,DB
Chris Clark,OL
Von Miller,LB
Rahim Moore,DB
Weslye Saunders,TE
Cortez Allen,DB
Chris Carter,DL
DeMarco Murray,RB
Phillip Tanner,RB
Jason Kelce,OL
Brian Rolle,LB
Dan Bailey,K
Alex Henery,K
Chas Henry,P
Rob Housler,TE
Alfonso Smith,RB
Sam Acho,LB
David Carter,OL
Patrick Peterson,DB
Danny Batten,LB
Marcell Dareus,DL
Da'Norris Searcy,DB
Kelvin Sheppard,LB
Johnny White,RB
Aaron Williams,DB
Jon Asamoah,OL
Justin Houston,LB
Cameron Sheffield,LB
Andrew Hawkins,WR
Doug Baldwin,WR
Kris Durham,WR
Brandon Browner,DB
Richard Sherman,DB
Malcolm Smith,LB
K.J. Wright,LB
Delone Carter,RB
Joe Lefeged,DB
Jamie Harper,RB
David Caldwell,DL
Terrence Johnson,DB
Adrian Moten,LB
Chris Rucker,DB
Kevin Thomas,OL
Akeem Ayers,LB
Tommie Campbell,DB
Jurrell Casey,DL
Chris Hawkins,DB
Karl Klug,DL
Jed Collins,RB
Greg Salas,WR
Austin Pettis,WR
Lance Kendricks,TE
Tom Johnson,DL
Cameron Jordan,DL
Josh Gordy,DB
Robert Quinn,DL
Christian Ponder,QB
Kyle Rudolph,TE
Ryan D'Imperio,RB
Marcus Sherels,DB
R.J. Stanford,DB
Ben Tate,RB
Nate Collins,DL
Chris Prosinski,DB
Brooks Reed,DL
J.J. Watt,DL
Brett Hartmann,P
Jonathan Baldwin,WR
Donald Butler,LB
Marcus Gilchrist,DB
Corey Liuget,DL
Allen Bailey,DL
Denarius Moore,WR
Taiwan Jones,RB
Maurice Hurt,OL
Chris Neild,DL
Jeremy Kerley,WR
Josh Baker,TE
Muhammad Wilkerson,DL
Erik Pears,OL
T.J. Conley,P
Jordan Cameron,TE
Emmanuel Stephens,DL
Luke Stocker,TE
Da'Quan Bowers,DL
Mason Foster,LB
Dominique Curry,WR
Quinn Porter,RB
Da'Rel Scott,RB
Stevan Ridley,RB
Mark Herzlich,LB
Spencer Paysinger,LB
Jeff Tarpinian,LB
Jerrel Jernigan,WR
Daniel Thomas,RB
Chris Jones,WR
Julio Jones,WR
Anthony Castonzo,OL
Jeff Linkenbach,OL
Vincent Brown,WR
Bront Bird,LB
Darrell Stuckey,DB
Randall Cobb,WR
Colin Cochart,TE
Albert McClellan,DL
Marcus Gilbert,OL
Zack Pianalto,TE
Adrian Clayborn,DL
Tyler Clutts,RB
Dane Sanzenbacher,WR
Chris Conte,DB
Jaiquawn Jarrett,DB
Dion Lewis,RB
Zach Clayton,DL
Colin McCarthy,LB
Jerome Boyd,LB
DeJon Gomes,DB
Mike Pouncey,OL
Clyde Gates,WR
Danny Aiken,OL
Sterling Moore,DB
Garrett McIntyre,LB
Mark Ingram,RB
Joe Hawley,OL
Kellen Heard,DL
Alex Albright,LB
Bruce Carter,LB
Edmond Gates,WR
Ras-I Dowling,DB
Chavis Williams,LB
Chris Maragos,DB
Thomas Keiser,DL
Curtis Brown,RB
Bryan Braman,LB
George Johnson,DL
Chastin West,WR
Kyle Bosworth,LB
Kevin Rutland,DB
Guy Whimper,OL
A.J. Edds,LB
Drake Nevis,DL
Christian Ballard,DL
Larry Dean,LB
Vic So'oto,LB
Bilal Powell,RB
Jeremiah Johnson,RB
Kenrick Ellis,DL
Virgil Green,TE
Chad Rinehart,OL
Julius Pruitt,WR
Austin Spitler,LB
DeMarcus Van Dyke,DB
Mistral Raymond,DB
Byron Maxwell,DB
Mitch Unrein,DL
DeMarco Sampson,WR
Richie Brockel,TE
Brandyn Dombrowski,OL
Stephen Paea,DL
Jake Locker,QB
M.D. Jennings,DB
D.J. Smith,LB
Prince Amukamara,DB
James Dockery,DB
Scott Paxson,DL
Shane Vereen,RB
Jalil Brown,DB
Chimdi Chekwa,DB
Brandon Saine,RB
Michael Otto,OL
Orlando Franklin,OL
T.J. Yates,QB
Allen Reisner,TE
Winston Venable,LB
Evan Royster,RB
Lazarius Levingston,DL
Will Tukuafu,DL
Dwayne Harris,WR
Steve Maneri,OL
Rodney Hudson,OL
Anthony Sherman,RB
Ronald Talley,DL
Ryan Mahaffey,RB
Sione Fua,DL
Eric Hagg,DB
Nate Livings,OL
Henry Hynoski,RB
Isa Abdul-Quddus,DB
Casey Matthews,LB
Mike Caussin,TE
Lee Smith,TE
Tyrod Taylor,QB
Kiante Tripp,DL
Mike Kafka,QB
Colin Kaepernick,QB
Shaun Chapas,RB
Clark Harris,TE
Tracy Wilson,DB
Will Montgomery,OL
Mossis Madu,RB
Frank Kearse,DL
Anthony Gaitor,DB
Stephen Burton,WR
Mario Addison,DL
Scott Lutrus,LB
Eddie Williams,RB
DuJuan Harris,RB
Jeremy Cain,LB
Demar Dotson,OL
Ryan Taylor,TE
Joe Reitz,OL
Chykie Brown,DB
Martez Wilson,LB
Nick Bellore,LB
Isaiah Trufant,DB
Curtis Marsh,WR
Phillip Hunt,LB
Andrew Gachkar,LB
Chris Smith,RB
Paul McQuistan,OL
Will Rackley,OL
Darrin Walls,DB
Bryan Walters,WR
Ryan Whalen,WR
Bryan Mattison,DL
Emmanuel Arceneaux,WR
Johnny Patrick,DB
Brandon Burton,DB
Antoine Caldwell,OL
Brian Sanford,DL
Marshall Newhouse,OL
Doug Hogue,LB
Ricardo Silva,DB
Manase Tonga,RB
Ramon Foster,OL
Brandon Harris,DB
Mason Brodine,DL
Stephen Franklin,LB
John Clay,RB
Kevin Brock,TE
Will Yeatman,TE
Ross Ventrone,DB
Tandon Doss,WR
Auston English,DL
Ricardo Lockette,WR
Lemuel Jeanpierre,OL
Ahmad Black,DB
Brandon Hogan,DB
Jonathan Nelson,DB
Mana Silva,DB
Armando Allen,RB
Jabara Williams,LB
Jamar Newsome,WR
Marshay Green,DB
Tyron Smith,OL
Michael Higgins,TE
Willie Smith,RB
Brandyn Thompson,DB
Armond Smith,RB
Joe Hastings,WR
Tom Brandstater,QB
Demarcus Dobbs,DL
Colin Jones,DB
Colin Brown,OL
Brandon Coutu,K
Garrett Graham,TE
Jeff Maehl,WR
Mister Alexander,LB
Shiloh Keo,DB
David Ausberry,WR
Rafael Bush,DB
Nate Irving,LB
Jonathan Scott,OL
Anthony Allen,RB
James Carpenter,OL
Jeron Johnson,DB
Carlton Powell,DL
Joe Porter,DB
Richard Gordon,TE
Alex Green,RB
Derek Sherrod,OL
Justin Trattou,DL
Mike Iupati,OL
Rodger Saffold,OL
Nate Solder,OL
Allen Bradford,RB
Collin Franklin,TE
Bruce Davis,WR
Dom DeCicco,LB
Kyle Adams,TE
Trai Essex,OL
Byron Bell,OL
Martin Tevaseu,DL
Trindon Holliday,WR
Damaris Johnson,WR
Bryce Brown,RB
Brandon Weeden,QB
Travis Benjamin,WR
Trent Richardson,RB
Josh Gordon,WR
Brandon Boykin,DB
Fletcher Cox,DL
Mychal Kendricks,LB
L.J. Fort,LB
Ishmaa'ily Kitchen,DL
Craig Robertson,LB
Billy Winn,DL
Stanley Havili,RB
Daryl Richardson,RB
Mike McNeill,TE
Chris Givens,WR
Johnny Hekker,P
Joique Bell,RB
Janoris Jenkins,DB
Bill Bentley,DB
Isaiah Pead,RB
Greg Zuerlein,K
Kendall Wright,WR
Taylor Thompson,TE
T.J. Graham,WR
Zach Brown,LB
Mike Martin,WR
Nigel Bradham,LB
Stephon Gilmore,DB
Shawn Powell,P
Robert Griffin,QB
Alfred Morris,RB
Aldrick Robinson,WR
Jarvis Jenkins,DL
Marvin Austin,DL
Jayron Hosley,DB
Markus Kuhn,DL
David Wilson,RB
Kai Forbath,K
William Powell,RB
Michael Floyd,WR
Jamell Fleming,DB
Rhett Ellison,RB
Josh Robinson,RB
Harrison Smith,DB
Blair Walsh,K
Mikel Leshoure,RB
Ryan Broyles,WR
Jonte Green,DB
Shea McClellin,DL
Doug Martin,RB
Mark Barron,DB
Lavonte David,LB
Leonard Johnson,DB
Ryan Tannehill,QB
Stephen Hill,WR
Jonathan Grimes,RB
Konrad Reuland,TE
Jorvorskie Lane,RB
Kheeston Randall,DL
Derrick Shelby,DL
Olivier Vernon,DL
Josh Bush,DB
Quinton Coples,DL
Demario Davis,LB
Marcus Thigpen,WR
Russell Wilson,QB
Robert Turbin,RB
Bruce Irvin,DL
Greg Scruggs,DL
Bobby Wagner,LB
Travis Lewis,LB
Rueben Randle,WR
James Hanna,TE
Morris Claiborne,DB
Tyrone Crawford,DL
Orie Lemon,LB
Lance Dunbar,RB
Ronnie Hillman,RB
Brock Osweiler,QB
Akiem Hicks,DL
Corey White,DB
Danny Trevathan,LB
Derek Wolfe,DL
Omar Bolden,DB
Andrew Luck,QB
Vick Ballard,RB
Dwayne Allen,TE
T.Y. Hilton,WR
Coby Fleener,TE
LaVon Brazill,WR
Jerrell Freeman,LB
Justin Hickman,LB
Coty Sensabaugh,DB
Joe Adams,WR
Frank Alexander,DL
Luke Kuechly,LB
Josh Norman,TE
Michael Smith,RB
Brad Nortman,P
Nate Chandler,DL
Amini Silatolu,OL
Chris Rainey,RB
Baron Batch,RB
Will Johnson,RB
Keenan Robinson,LB
Drew Butler,P
Rod Streater,WR
Juron Criner,WR
Shaun Draughn,RB
Miles Burris,LB
Dontari Poe,DL
Drew Davis,WR
Cedric Thornton,DL
Chris Polk,RB
Justin Blackmon,WR
Kevin Elliott,WR
Jarrett Boykin,WR
Andre Branch,DL
Julian Stanford,LB
Casey Hayward,DB
Davon House,DB
Jerron McMillian,DB
Bryan Anger,P
Ryan Mallett,QB
Brian Quick,WR
Alfonzo Dennard,DB
Nate Ebner,DB
Dont'a Hightower,LB
Chandler Jones,WR
Tavon Wilson,DB
Melvin Ingram,DL
Kendall Reyes,DL
John Hughes,DL
James-Michael Johnson,LB
Shareece Wright,DB
Mohamed Sanu,WR
Orson Charles,TE
Vontaze Burfict,LB
Emmanuel Lamur,LB
Devon Still,DL
Matt Asiata,RB
Lamar Miller,RB
Mario Harvey,LB
Dorin Dickerson,TE
Keshawn Martin,WR
Jared Crick,DL
Whitney Mercilus,DL
Evan Rodriguez,TE
Mike Harris,OL
D'Anthony Smith,DL
Cole Beasley,WR
Bernard Pierce,RB
DeAngelo Tyson,DL
Courtney Upshaw,LB
Mitchell Schwartz,OL
Justin Tucker,K
Jermaine Kearse,WR
Mike Morgan,RB
Mike Daniels,DL
Dezman Moses,LB
David Paulson,TE
Travaris Cadet,RB
David Sims,RB
Robert Hughes,RB
Jeremy Stewart,RB
Christo Bilukidi,DL
Josh Bynes,LB
Bryan Hall,DL
Justin Francis,DL
Will Hill,DB
Nick Foles,QB
Kyle Wilber,LB
Rodney McLeod,DB
Michael Brockers,DL
Trumaine Johnson,WR
Quinton Pointer,DB
Mike Johnson,OL
Armon Binns,WR
Deonte Thompson,WR
Brandon Thompson,DL
Chris Owusu,WR
LeQuan Lewis,DB
Malik Jackson,DL
Jarius Wright,WR
Jonathan Freeny,DL
Devon Wylie,WR
David Gilreath,WR
Rishard Matthews,WR
Cory Harkey,TE
Jacob Cutrera,LB
Johnson Bademosi,DB
Tashaun Gipson,DB
Trevin Wade,DB
Ben Bass,DL
Joe Morgan,WR
Jack Crawford,DL
Nathan Palmer,WR
Clifton Geathers,DL
Lawrence Guy,DL
Dre Kirkpatrick,DB
Sean Richardson,DB
Ladarius Green,TE
Lestar Jean,WR
Ryan Lindley,QB
Alshon Jeffery,WR
Jerel Worthy,DL
Andre Holmes,WR
LaRon Byrd,WR
Adrian Tracy,LB
Marvin Jones,WR
Graham Harrell,QB
Will Ta'ufo'ou,RB
Vinny Curry,DL
Cliff Matthews,DL
Travian Robertson,DL
Stefen Wisniewski,OL
Carl Ihenacho,DL
Sealver Siliga,DL
Brandian Ross,DB
Brandon Taylor,DB
Roc Carmichael,DB
Scott Solomon,DL
Greg McElroy,QB
Antwon Blake,DB
Ron Brooks,DB
Crezdon Butler,DB
Marcus Easley,WR
Cyrus Gray,RB
Patrick DiMarco,RB
D.J. Campbell,DB
Tysyn Hartman,DB
Neiko Thorpe,DB
Josh Bellamy,WR
LaMichael James,RB
Robert Golden,DB
Don Barclay,OL
Riley Reiff,OL
Marvin McNutt,WR
Kevin Cone,WR
Brandon Bolden,RB
Michael Preston,WR
Richard Murphy,RB
Jordan Todman,RB
Toney Clemons,WR
Jim Cordle,OL
Justin Bethel,DB
Jeremy Lane,DB
Kirk Cousins,QB
Richard Crawford,DB
DeVier Posey,WR
Andrew Gardner,OL
Mike Rivera,LB
Dan Herron,RB
Matt Tennant,OL
Jerrell Powe,DL
Jeris Pendleton,DL
Ricky Lumpkin,DL
Keith Tandy,DB
Josh Victorian,DB
Gino Gradkowski,OL
Steven Johnson,LB
Omar Brown,DB
Christian Yount,OL
Gabe Carimi,OL
Cheta Ozougwu,DL
Anthony Walters,DB
Terrelle Pryor,QB
DaJohn Harris,DL
Jeremy Ross,WR
Brad Smelley,TE
Ryan Williams,RB
Hayden Smith,TE
Kyle Nelson,TE
Garrett Celek,TE
David DeCastro,OL
Jamon Meredith,OL
Kaelin Burnett,LB
Bradley Sowell,OL
Collin Mooney,RB
Senio Kelemete,OL
A.J. Jenkins,WR
Michael Wilhoite,LB
Ian Williams,DL
Sergio Kindle,LB
Doug Worthington,DL
Joe Anderson,WR
Thaddeus Lewis,QB
Tank Carder,LB
Jordan White,WR
Antonio Allen,DB
Trevor Robinson,OL
Chris Lewis-Harris,DB
Kris Adams,WR
D'Aundre Reed,DL
Winston Guy,DB
Robert James,LB
Jonathan Massaquoi,DL
Tahir Whitehead,LB
Tommy Gallarda,TE
Nick Perry,DL
Ted Larsen,OL
Pannel Egboh,DL
Nate Eachus,RB
Dedrick Epps,TE
Zane Beadles,OL
Danny Watkins,OL
Robert Blanton,DB
Dominique Jones,TE
J.T. Thomas,WR
Charles Mitchell,DB
Dallas Reynolds,OL
Jonathan Martin,OL
Justin Cole,LB
Derrick Coleman,RB
Benson Mayowa,DL
Star Lotulelei,DL
Knile Davis,RB
Junior Hemingway,WR
Ace Sanders,WR
Denard Robinson,WR
Marcus Cooper,DB
Ron Parker,DB
Jonathan Cyprien,DB
Josh Evans,DL
Dwayne Gratz,DB
Jack Doyle,TE
Montee Ball,RB
Duke Ihenacho,DB
Kayvon Webster,DB
Sylvester Williams,DL
Marquess Wilson,WR
Jordan Reed,TE
David Bass,DL
Jonathan Bostic,LB
Jerry Franklin,LB
Isaiah Frey,DB
David Amerson,DB
Jose Gumbs,DB
Trent Robinson,DB
Case Keenum,QB
DeAndre Hopkins,WR
Sean McGrath,TE
Brandon Brooks,OL
Mike Mohamed,LB
Derek Newton,OL
Eddie Pleasant,DB
D.J. Swearinger,DB
Randy Bullock,K
Aaron Dobson,WR
Kenbrell Thompkins,WR
Geno Smith,QB
Tommy Bohanon,RB
Jamie Collins,LB
Marcus Forston,DL
Duron Harmon,DB
Logan Ryan,DB
Joe Vellano,DL
Damon Harrison,DL
Dee Milliner,DB
Sheldon Richardson,DL
Ryan Allen,P
Ryan Quigley,P
Robert Woods,WR
Frank Summers,RB
Kiko Alonso,LB
Corbin Bryant,DL
Nickell Robey,DB
Jay Ross,DL
Jelani Jenkins,LB
Dion Jordan,DL
Marquise Goodwin,WR
Caleb Sturgis,K
Vance McDonald,TE
Justin Hunter,WR
Corey Lemonier,LB
Darryl Morris,DB
Eric Reid,DB
Cordarrelle Patterson,WR
Sharrif Floyd,DL
Michael Cox,RB
Larry Donnell,TE
Michael Mauti,LB
Xavier Rhodes,DB
Damontre Moore,DL
Jeff Locke,P
Kenjon Barner,RB
Mike Glennon,QB
Mike James,RB
Tim Wright,TE
Eric Page,WR
Skye Dawson,WR
Wes Horton,DL
Robert Lester,DB
Kawann Short,DL
Melvin White,DB
Johnthan Banks,DB
Kelcie McCray,DB
Steven Means,DL
Russell Shepard,WR
Eddie Lacy,RB
Myles White,WR
Sam Barrington,LB
Chris Harper,WR
Micah Hyde,DB
Jamari Lattimore,LB
Andy Mulumba,LB
Jake Stoneburner,TE
Audie Cole,LB
Johnathan Franklin,RB
Darius Johnson,WR
Levine Toilolo,TE
Dominique Davis,QB
Andre Ellington,RB
Teddy Williams,WR
Stepfan Taylor,RB
Robert Alford,DB
Joplo Bartu,LB
Malliciah Goodman,DL
Desmond Trufant,DB
Paul Worrilow,LB
Tyrann Mathieu,DB
Tori Gurley,WR
Don Jones,LB
Leon McFadden,DB
Bobby Rainey,RB
Spencer Lanning,P
Michael Egnew,TE
Dion Sims,TE
Isaako Aaitui,DL
Le'Veon Bell,RB
Brice Butler,WR
Mychal Rivera,TE
Terence Garvin,LB
Jarvis Jones,LB
Cody Wallace,OL
Vince Williams,RB
D.J. Hayden,DB
Marquette King,P
Stacy McGee,DL
Sio Moore,LB
Lucas Nix,OL
Quinton Dial,DL
Tony Jerod-Eddie,DL
Nathan Stupar,LB
John Lotulelei,LB
Demetrius McCray,DB
C.J. Anderson,RB
Bacarri Rambo,DB
Kenny Stills,WR
Josh Hill,TE
Khiry Robinson,RB
Glenn Foster,DL
John Jenkins,DL
Kenny Vaccaro,DB
Matt Barkley,QB
Zach Ertz,TE
Cooper Taylor,DB
Najee Goode,LB
Bennie Logan,DL
Earl Wolff,DB
Terrance Williams,WR
Joseph Randle,RB
Theo Riddick,RB
Jakar Hamilton,DB
Jeff Heath,DB
Cameron Lawrence,LB
Caesar Rayford,LB
B.W. Webb,DB
Ezekiel Ansah,DL
Darius Slay,DB
Devin Taylor,DL
Sam Martin,P
Matt Simms,QB
Zach Sudfeld,TE
Michael Campbell,WR
Giovani Bernard,RB
Tyler Eifert,TE
Troy Davis,RB
Clint Boling,OL
Jayson DiManche,LB
Margus Hunt,DL
George Iloka,DB
Shawn Williams,DB
Fozzy Whittaker,RB
MarQueis Gray,TE
Eric Martin,WR
Barkevious Mingo,LB
Zac Stacy,RB
Tavon Austin,WR
Daren Bates,LB
Alec Ogletree,LB
Chase Reynolds,RB
Akeem Spence,DL
Ricky Sapp,LB
Jamar Taylor,DB
Griff Whalen,WR
Dennis Johnson,RB
Montori Hughes,DL
Lamar Holmes,OL
Stansly Maponga,DL
A.J. Klein,LB
Stedman Bailey,WR
Benny Cunningham,RB
Beau Brinkley,OL
Zaviar Gooden,LB
Joe Barksdale,OL
Brandon McGee,DB
Nick Toon,WR
Kevin Reddick,LB
Keenan Allen,WR
Jahleel Addae,DB
Manti Te'o,LB
Tourek Williams,DL
Gerald Hodges,LB
Marlon Brown,WR
Arthur Brown,LB
Matt Elam,DB
Armonty Bryant,DL
Jordan Poyer,DB
Matt McGloin,QB
Nick Kasa,TE
Emmanuel Acho,LB
Damion Square,DL
Lamar Mady,OL
Jeff Tuel,QB
Eric Fisher,OL
Stefan Charles,DL
Chris Hogan,WR
Josh Boyce,WR
EJ Manuel,QB
Marcus Dowtin,LB
Duke Williams,DB
Derek Moye,WR
Kelvin Beachum,OL
Shamarko Thomas,DB
William Gholston,DL
Jordan Hill,DL
J.R. Sweezy,OL
Khaseem Greene,LB
Christian Tupou,DL
Chris Banjo,DB
Datone Jones,DL
Nate Palmer,LB
Chase Ford,TE
Chase Baker,DL
Shaun Prater,DB
LaRoy Reynolds,LB
Brian Schwenke,OL
Daimion Stafford,DB
Ryan Griffin,QB
Jaron Brown,WR
Tony Jefferson,DB
Kevin Minter,LB
Kwame Geathers,DL
Scott Tolzien,QB
Brandon Bostick,TE
Joseph Fauria,TE
Cornelius Washington,DL
Jake Knott,LB
Brandon Jenkins,LB
Chris Thompson,RB
Johnathan Hankins,DL
Ray-Ray Armstrong,LB
Matt Conrath,DL
Cody Davis,DB
Matt Overton,OL
Bjoern Werner,DL
Christine Michael,RB
Luke Willson,TE
Michael Brooks,DL
Josh Harris,RB
Micah Pellerin,DB
Chris Gragg,TE
Markus Wheaton,WR
J.K. Schaffer,LB
Morgan Cox,OL
Anthony Levine,DB
Brynden Trawick,DB
Michael Hill,RB
Zeke Motta,DB
LaAdrian Waddle,OL
Michael Ford,RB
Kyle Juszczyk,RB
Jamize Olawale,RB
Justin Tuggle,LB
Sanders Commings,DB
Danny Noble,TE
Kerry Taylor,WR
Carson Tinker,OL
Brian Tyms,WR
Tony Dye,DB
Brian Winters,OL
Ryan Spadola,WR
James Develin,RB
Michael Buchanan,DL
Nick Williams,WR
T.J. McDonald,DB
Justice Cunningham,TE
Josh Chapman,DL
Delano Howell,DB
Ryan Davis,DL
Rod Sweeting,DB
Darius Eubanks,LB
Larry Warford,OL
Blidi Wreh-Wilson,DB
Ryan Robinson,DL
Gavin Escobar,TE
J.J. Wilcox,DB
Charles James,DB
Alex Boone,OL
Nick Moody,LB
Greg Jenkins,WR
Victor Aiyewa,LB
Lavar Edwards,DL
Zach Line,RB
Mike Gillislee,RB
Austin Howard,OL
Adam Gettis,OL
Brandon Magee,LB
Ka'lial Glaud,LB
Brittan Golden,WR
Alameda Ta'amu,DL
Kyle Long,OL
Travis Frederick,OL
DeVonte Holloman,LB
Jeff Allen,OL
Tyrunn Walker,DL
Abry Jones,DL
Josh Boyd,DL
Da'Rick Rogers,WR
Josh McNary,LB
Daniel Adongo,LB
Ronnie Wingo,RB
Ty Powell,LB
Paul Fanaika,OL
Tim Barnes,OL
Shelton Johnson,DB
Marshall McFadden,LB
Josh Martin,LB
Julian Posey,DB
Ryan Wendell,OL
DeShawn Shead,DB
Justin Pugh,OL
Hebron Fangupo,DL
Josh Aubrey,DB
John Simon,RB
Bryce Harris,OL
Justin Veltung,WR
Saalim Hakim,WR
Edwin Baker,RB
Paul Hazel,LB
Jeremy Ebert,WR
Rodney Smith,WR
Joe Banyard,RB
Michael Thomas,DB
Bradie Ewing,RB
Cam Johnson,DL
Jordan Mills,OL
Keelan Johnson,DB
Lamaar Thomas,WR
Jordan Miller,DL
Steve Beauharnais,LB
Chris Greenwood,DB
Kemal Ishmael,DB
John Potter,K
Clint Gresham,LB
Ray Graham,RB
Jawanza Starling,DB
Austin Pasztor,OL
Caleb Schlauderaff,OL
Julian Talley,WR
William Compton,LB
Jonathan Meeks,DB
Marcus Cannon,OL
Kerwynn Williams,RB
Ronald Leary,OL
Mike Catapano,DL
Jaye Howard,DL
Nico Johnson,LB
Quinton Patton,WR
Terron Armstead,OL
Kyle Knox,LB
Hugh Thornton,OL
Kanorris Davis,DB
Spencer Ware,RB
Adrian Robinson,LB
Alex Okafor,DL
Corey Hilliard,OL
Chance Warmack,OL
Patrick Edwards,WR
Kevin Zeitler,OL
Cierre Wood,RB
Oniel Cousins,OL
Gerald Rivers,DL
A.J. Bouye,DB
Willie Jefferson,LB
Jeff Demps,RB
Kenny Demens,LB
Dontay Moch,DL
Da'Mon Cromartie-Smith,DB
Aaron Brewer,OL
Jordan Kovacs,DB
Brandon Mosley,OL
Ben Jones,RB
Matt McCants,OL
Michael Bowie,OL
Jason Vega,DL
Brandin Cooks,WR
Devonta Freeman,RB
Bishop Sankey,RB
Travis Kelce,TE
Frankie Hammond,WR
Daniel Sorensen,DB
Cairo Santos,K
Marqueston Huff,DB
Avery Williamson,LB
Bashaud Breeland,DB
Shawn Lauvao,OL
Trent Murphy,DL
Tress Way,P
Austin Johnson,RB
Corey Fuller,WR
Jordan Thompson,TE
Marcus Ball,DB
Brian Dixon,DB
Jerick McKinnon,RB
Teddy Bridgewater,QB
Adam Thielen,WR
Sammy Watkins,WR
Anthony Barr,LB
Antone Exum,DB
Jabari Price,DB
Shamar Stephen,DL
Preston Brown,WR
Colton Schmidt,P
Jarvis Landry,WR
Damien Williams,RB
Terrence Fede,DL
Chris McCain,LB
Ka'Deem Carey,RB
Ego Ferguson,DL
Kyle Fuller,DB
Demontre Hurst,DB
Christian Jones,LB
Will Sutton,DL
Brock Vereen,DB
Pat O'Donnell,P
Freddie Martino,WR
Kamar Aiken,WR
Michael Campanaro,WR
Crockett Gillmore,TE
Lorenzo Taliaferro,RB
Dezmen Southward,DB
Terrence Brooks,DB
James Hurst,OL
Zach Orr,LB
Alfred Blue,RB
C.J. Fiedorowicz,TE
Martavis Bryant,WR
Dri Archer,WR
Andre Hal,RB
Sean Spence,LB
Brad Wing,P
Branden Oliver,RB
Juwan Thompson,RB
Tenny Palepoi,DL
Jason Verrett,DB
Bradley Roby,DB
Isaiah Burse,WR
Brandon McManus,K
Austin Davis,QB
Tre Mason,RB
De'Anthony Thomas,RB
Demetrius Harris,TE
Aaron Donald,DL
E.J. Gaines,DB
Lamarcus Joyner,DB
Jake McQuaide,OL
Marcus Roberson,DB
Greg Robinson,RB
Dee Ford,DL
Phillip Gaines,DB
Albert Wilson,WR
Jordan Matthews,WR
Josh Huff,WR
John Brown,WR
Brandon Bair,DL
Trey Burton,TE
Lane Johnson,OL
Deone Bucannon,DB
Ed Stinson,DL
Cody Parkey,K
Chandler Catanzaro,K
Derek Carr,QB
Taylor Gabriel,WR
Terrance West,RB
Isaiah Crowell,RB
Denico Autry,DL
Travis Carrie,DB
Brian Leonhardt,TE
Khalil Mack,LB
Justin Gilbert,DB
Christian Kirksey,LB
K'Waun Williams,DB
Gator Hoskins,TE
Malcolm Butler,DB
Jordan Devey,OL
Dominique Easley,DL
Walt Aikens,DB
Anthony Johnson,RB
Jeremy Hill,RB
Ryan Hewitt,RB
Timmy Jernigan,DL
Darqueze Dennard,DB
James Wright,WR
Blake Bortles,QB
Allen Robinson,WR
Allen Hurns,WR
Marqise Lee,WR
Nic Jacobs,TE
Jeremiah George,LB
Jeremy Harris,DB
Luke Joeckel,OL
Telvin Smith,LB
Mike Evans,WR
Austin Seferian-Jenkins,TE
Robert Herron,WR
Andrew DePaola,OL
Danny Lansanah,LB
Patrick Murray,K
Jace Amaro,TE
Randell Johnson,LB
Kenny Ladler,DB
Calvin Pryor,DB
Jonas Gray,RB
James White,RB
Jimmy Garoppolo,QB
Al Louis-Jean,DB
Zach Moore,DL
Deontae Skinner,LB
Casey Walker,DL
Davante Adams,WR
Richard Rodgers,TE
Ha Ha Clinton-Dix,DB
Kasim Edebali,LB
Zach Mettenberger,QB
Jadeveon Clowney,DL
Jay Prosch,RB
Donte Moncrief,WR
Zach Kerr,DL
Henoc Muamba,LB
Jonathan Newsome,LB
Loucheiz Purifoy,DB
Daniel McCullers,DL
Ryan Shazier,LB
Paul Richardson,WR
Kevin Norwood,WR
Cooper Helfet,TE
Stephen Schilling,OL
Kelvin Benjamin,WR
Darrin Reaves,RB
Brenton Bersin,WR
Marcus Burley,DB
Brock Coyle,LB
Kevin Pierre-Louis,LB
Tharold Simon,DB
Tre Boston,DB
Kony Ealy,DL
George Winn,RB
Ra'Shede Hageman,DL
Jake Matthews,OL
Ryan Schraeder,OL
Prince Shembo,LB
Scott Crichton,DL
Silas Redd,RB
Devin Street,WR
Akeem Davis,DB
Tyler Patmon,DB
Todd Davis,LB
Tim Lelito,OL
Vinnie Sunseri,DB
Ben Jacobs,LB
Trevor Reilly,LB
Marcus Williams,WR
Latavius Murray,RB
Jonathan Dowling,DB
Justin Ellis,DL
Menelik Watson,OL
Marion Grice,RB
Anthony Hitchens,LB
Demarcus Lawrence,DL
Corey Nelson,LB
Quanterus Smith,DL
Cody Latimer,WR
Rex Burkhead,RB
Craig Loston,DB
Russell Bodine,OL
Marquis Flowers,LB
Bradley McDougald,DB
Jacquies Smith,DL
D.J. Fluker,OL
Cordarro Law,DL
Adrian Phillips,DB
Steve Williams,DL
Trey Watts,RB
Carlos Hyde,RB
Bruce Ellington,WR
Derek Carrier,WR
Chris Borland,LB
Aaron Lynch,DL
Jimmie Ward,DB
Gabe Jackson,OL
Keith McGill,DB
Jalen Saunders,WR
Phillip Supernaw,TE
Stephon Tuitt,DL
Beau Allen,DL
Jeoffrey Pagan,DL
Jumal Rolle,DB
Odell Beckham,WR
Corey Washington,WR
Andre Williams,RB
Andrew Jackson,RB
Dewey McDonald,OL
Nat Berhe,DB
Jay Bromley,DL
Devon Kennard,LB
Adrien Robinson,TE
Jordan Gay,P
Tank Carradine,DL
Dontae Johnson,DB
Chase Thomas,LB
Ronald Powell,LB
Kyle Van Noy,LB
Ahmad Dixon,DB
Michael Ola,OL
Senorise Perry,RB
Jayrone Elliott,LB
Eric Ebron,TE
Jerome Couplin,DB
Nevin Lawson,DB
Nate Freese,K
John Jerry,OL
Alvin Bailey,OL
Charles Sims,RB
Brandon Dixon,DB
Troy Niklas,TE
Kareem Martin,DL
Wesley Johnson,OL
Luke Bowanko,OL
Khairi Fortt,LB
Andrew Norwell,OL
Ja'Wuan James,OL
Will Clarke,DL
Justin Drescher,OL
Jeremiah Attaochu,LB
Bobby Massie,OL
L.J. McCray,DB
Chandler Fenner,DB
Ray Agnew,RB
T.J. Fatinikun,DL
Tom Compton,OL
Corey Brown,WR
Ryan Carrethers,DL
Lamin Barrow,LB
Maurice Alexander,DB
Ethan Westbrooks,DL
Justin Brown,WR
Asa Jackson,DB
Charcandrick West,RB
Aaron Colvin,DB
Jack Mewhort,OL
Joel Bitonio,OL
Patrick Omameh,OL
DeDe Lattimore,LB
Alex Bayer,TE
Lowell Rose,DB
Orleans Darkwa,RB
Brett Brackett,TE
DaQuan Jones,DL
Justin Staples,DL
Antonio Andrews,RB
Solomon Patton,WR
Greg Ducre,DB
Morgan Moses,OL
Marcus Martin,OL
Josh Mauro,DL
Demetri Goodson,DB
Pierre Warren,DB
Ross Cockrell,DB
Cameron Brate,TE
Garrett Gilkey,OL
Daniel Kilgore,OL
Kerry Wynn,DL
Tom Savage,QB
Max Bullough,LB
Johnny Manziel,QB
Jonotthan Harrison,OL
Chase Minnifield,DB
Zurlon Tipton,RB
Glenn Carson,LB
Darren Fells,TE
Korey Toomer,LB
George Atkinson,RB
Chris Watt,OL
De'Andre Presley,DB
Bene Benwikere,DB
Brian Folkerts,OL
T.J. Barnes,DL
Chris Pantale,TE
Oday Aboushi,OL
Travis Swanson,OL
Chris Matthews,WR
Adarius Glanton,LB
Anthony Denham,TE
Ryan Nassib,QB
Pierre Desir,DB
Asante Cleveland,TE
Ja'Gared Davis,LB
Kenny Okoro,DB
Trevardo Williams,LB
Bojay Filimoeatu,LB
Jordan Tripp,LB
Bryan Stork,OL
David Bakhtiari,OL
Corey Linsley,OL
Storm Johnson,RB
Tommy Streeter,WR
Rashaan Melvin,DB
Jason Ankrah,LB
Xavier Su'a-Filo,OL
Terrence Frederick,DB
Jackson Jeffcoat,DL
Dontrelle Inman,WR
Marcus Cromartie,DB
Chance Casey,DB
Fitzgerald Toussaint,RB
Josh Allen,OL
Logan Thomas,QB
David King,DL
Gerrell Robinson,WR
Brandon Watts,LB
IK Enemkpali,DL
Brandon Dunn,DL
Lerentee McCray,LB
Davon Coleman,DL
Mike Purcell,DL
Byron Stingily,OL
Carrington Byndom,DB
Sean Baker,DB
Justin Britt,OL
Kenneth Boatright,DL
Spencer Long,OL
Gabe Miller,LB
Cornelius Lucas,OL
Shelby Harris,DL
Scott Simonson,TE
Darius Fleming,LB
Jaylen Watkins,DB
Matt Kalil,OL
Jason Fox,OL
Tavarres King,WR
Lawrence Virgil,DL
Connor Shaw,QB
Nick McDonald,OL
Jamie Meder,DL
Mike Remmers,OL
Cobi Hamilton,WR
Khaled Holmes,OL
Trai Turner,OL
Ken Bishop,DL
Zack Martin,OL
Mike Pennel,DL
Garry Gilliam,OL
Steven Terrell,DB
Cassius Marsh,DL
Marcel Jensen,TE
Kelcy Quarles,DL
Rashad Ross,WR
Caraun Reid,DL
Walt Powell,WR
Seantrel Henderson,OL
Tauren Poole,RB
Jeff Janis,WR
Earl Watford,OL
Rich Ohrnberger,OL
John Urschel,OL
Cordy Glenn,OL
Kevin Dorsey,WR
Luther Robinson,DL
Ameer Abdullah,RB
Zach Zenner,RB
Melvin Gordon,RB
Quandre Diggs,DB
Gabe Wright,DL
Kyle Emanuel,LB
Josh Lambo,K
James O'Shaughnessy,TE
Keith Mumphery,WR
Marcus Peters,DB
T.J. Yeldon,RB
Ronald Darby,DB
Nick Marshall,DB
Jason Myers,K
Landry Jones,QB
Chris Conley,WR
Bud Dupree,DL
Steven Nelson,DB
Jordan Berry,P
Chris Boswell,K
Stefon Diggs,WR
MyCole Pruitt,TE
Michael Burton,RB
T.J. Clemmings,OL
Eric Kendricks,LB
T.J. Jones,WR
Jaelen Strong,WR
Christian Covington,DL
Neville Hewitt,LB
Bobby McCain,DB
Jordan Phillips,DL
Zach Vigil,LB
Matt Darr,P
Andrew Franks,K
Javorius Allen,RB
Nick Boyle,TE
Carl Davis,WR
Za'Darius Smith,DL
Malcom Brown,DL
Justin Coleman,DB
Geneo Grissom,LB
Jordan Richards,DB
Jeremy Langford,RB
Danielle Hunter,DL
Adrian Amos,DB
Jonathan Anderson,LB
Bryce Callahan,DB
Eddie Goldman,DL
Tyler Lockett,WR
Thomas Rawls,RB
Lucky Whitehead,WR
Frank Clark,WR
David Irving,DL
Byron Jones,DB
Kendall Gaskins,RB
Mike Davis,RB
Todd Gurley,RB
Bradley Marquez,WR
Kenneth Acker,DB
Eli Harold,LB
Jaquiski Tartt,DB
Bradley Pinion,P
Amari Cooper,WR
Seth Roberts,WR
Clive Walford,TE
Dion Bailey,DB
Leonard Williams,RB
Mario Edwards,DL
Damarious Randall,DB
Ty Montgomery,WR
Aaron Ripkowski,RB
Justin Perillo,TE
Alonzo Harris,RB
Bennie Fowler,WR
Jake Ryan,LB
Shaquil Barrett,LB
Jared Abbrederis,WR
Dorial Green-Beckham,WR
Rico Richardson,WR
Angelo Blackson,DL
Kurtis Drummond,DB
Rakeem Nunez-Roches,DL
JJ Nelson,WR
Duke Johnson,RB
Markus Golden,LB
Ibraheim Campbell,DB
Xavier Cooper,DL
Nate Orchard,LB
Danny Shelton,DL
Travis Coons,K
Raheem Mostert,RB
Jameis Winston,QB
Adam Humphries,WR
Donteea Dye,WR
Tevin Coleman,RB
Justin Hardy,WR
Terron Ward,RB
Mike Person,OL
Jude Adjei-Barimah,DB
Kwon Alexander,LB
Howard Jones,LB
Josh Shirley,DL
Ricardo Allen,DB
Vic Beasley,LB
Grady Jarrett,DL
Robenson Therezie,DB
Jake Schum,P
Will Tye,TE
Willie Snead,WR
Brandon Coleman,WR
Marcus Murphy,RB
Landon Collins,DB
Uani Unga,LB
Stephone Anthony,LB
Delvin Breaux,DB
Tyeler Davison,DL
Bobby Richardson,DL
Damian Swann,DB
Devin Funchess,WR
Henry Anderson,DL
David Parry,DL
Quan Bray,WR
A.J. McCarron,QB
De'Ante Saunders,DB
Jamison Crowder,WR
Preston Smith,DL
Jordan Hicks,LB
Jay Ajayi,RB
Karlos Williams,RB
Matt Longacre,DL
Trae Waynes,DB
Peyton Thompson,DB
Lorenzo Mauldin,LB
Rontez Miles,DB
Kyshoen Jarrett,DB
Dustin Hopkins,K
Shaq Thompson,LB
Jerome Cunningham,TE
T.Y. McGill,DL
Jalen Collins,DB
Arik Armstead,DL
Marcus Mariota,QB
Andy Gallik,OL
Cody Riggs,DB
Obum Gwacham,DL
Jalston Fowler,RB
Deiontrez Mount,LB
Kyle Brindza,K
Jesse James,TE
Anthony Chickillo,DL
Roosevelt Nix,DL
Javontee Herndon,WR
Bruce Gaston,DL
Craig Mager,DB
Devin Smith,WR
Maxx Williams,TE
Jeremy Butler,WR
Thurston Armbrister,LB
Michael Williams,RB
James Morris,LB
Randy Gregory,DL
Jarryd Hayne,RB
Brian Parker,TE
Shane Ray,DL
Nelson Agholor,WR
Mike Hull,RB
Tony Lippett,WR
Taylor Hart,DL
Dennis Kelly,OL
Tavaris Barnes,DL
Deshazor Everett,DB
Charles Gaines,DB
Benardrick McKinney,LB
David Cobb,RB
Rashad Greene,WR
Clayton Geathers,DB
Cameron Meredith,WR
Tyler Kroft,TE
Rodney Gunter,DL
Ben Heeney,LB
Khyri Thornton,DL
Houston Bates,LB
Ryan Delaire,DL
Kaelin Clay,WR
Quincy Enunwa,WR
Akeem Hunt,RB
D.J. Alexander,LB
Denzel Perryman,LB
Darius Kilgo,DL
Nicholas Williams,DL
Dean Marlowe,DB
Khari Lee,TE
J.C. Tretter,OL
Quinten Rollins,DB
Ed Reynolds,LB
Eric Rowe,DB
Brandon Copeland,LB
DeVante Parker,WR
Jamil Douglas,OL
Shamiel Gary,DB
Dexter McDougle,DB
Mario Butler,DB
A.J. Tarpley,LB
Tre McBride,WR
Max Garcia,OL
Hau'oli Kikaha,LB
Geremy Davis,WR
Quinton Dunbar,WR
Sean Mannion,QB
Jake Fisher,OL
Zach Hocker,K
Alejandro Villanueva,OL
Blake Bell,TE
Alani Fua,LB
Xavier Williams,DL
Daniel Brown,WR
Malcolm Johnson,RB
E.J. Bibbs,TE
Brent Urban,DL
John Crockett,RB
Kourtnei Brown,DL
Mario Alford,WR
C.J. Uzomah,TE
Darius Jennings,WR
Paul Dawson,LB
Troy Hill,DB
Andrus Peat,OL
Rufus Johnson,DL
B.J. Daniels,QB
D'Joun Smith,DB
Kendall Lamm,OL
Tony Steward,LB
Jonathan Krause,WR
Anthony Harris,LB
Edmond Robinson,LB
Andrew Turzilli,WR
J.R. Tavai,LB
A.J. Francis,DL
Phillip Dorsett,WR
Tyler Varga,RB
Sean Renfree,QB
Joey Mbu,DL
Glenn Winston,RB
Dexter McDonald,DB
Leon Orr,DL
Michael Schofield,OL
Josh Keyes,LB
Kellen Moore,QB
Terrance Mitchell,DB
Chandler Worthy,WR
Cameron Erving,OL
Deandre Coleman,DL
Darius Philon,DL
Nick O'Leary,TE
John Timu,LB
Jermey Parnell,OL
Hayes Pullard,LB
Terrance Magee,RB
Joey Iosefa,RB
Trevor Siemian,QB
Cameron Artis-Payne,RB
Harold Jones-Quartey,DB
Matt Hazel,WR
Earl Okine,DL
Matt LaCosse,TE
Ben Edwards,WR
Ayodeji Olatoye,DB
Patrick Lewis,OL
Seantavius Jones,WR
Malcolm Brown,RB
Rob Havenstein,OL
Keith Reaser,DB
Tyrell Williams,WR
Matt Daniels,DB
Tyler Ott,OL
Carlos Fields,LB
Josh LeRibeus,OL
Dashaun Phillips,DB
Darren Waller,WR
Alex Tanney,QB
Trey Williams,RB
Jon Feliciano,OL
Kasen Williams,WR
Derron Smith,DB
Ladarius Gunter,DB
Sammie Coates,WR
DeAndrew White,WR
Geoff Swaim,TE
Corey Grant,RB
James Sample,DB
Eric Patterson,DB
Sheldon Price,DB
Neiron Ball,LB
Donald Stephenson,OL
Tony Washington,WR
Ramik Wilson,LB
Owamagbe Odighizuwa,DL
Nikita Whitlock,RB
Tony Bergstrom,OL
Keenan Lambert,DB
Damien Wilson,LB
David Mayo,LB
Drew Nowak,DL
Tray Walker,DB
Kapron Lewis-Moore,DL
Vince Mayle,WR
James Stone,OL
Kenny Anunike,DL
Kapri Bibbs,RB
Lonnie Ballentine,DB
Ereck Flowers,OL
Nick Dzubnar,LB
